ID,Calculus,DataBase,LinerAlgebra,IntroToCs,IntroToIS,DiscreteMath,ObjectOriented,Statistics,IntoToPrograming,DifferentialEquations,OperationsResearch,DataStructure,FileProcessing,AdvancedMathematics,Physics,Stochastic,Multimedia,InformationTheory,SystemAnalysisAndDesign
1,120,72,109,47,103,49,74,64,80,63,45,53,79,93,85,45,61,55,69
2,91,51,72,68,40,80,91,42,59,51,65,83,106,73,62,40,59,56,59
3,51,94,53,41,100,69,40,55,86,46,66,55,55,104,95,63,89,43,90
4,87,55,94,48,69,47,115,50,67,95,50,80,40,45,56,44,74,97,104
5,75,72,84,74,92,70,76,55,40,56,50,98,43,82,76,47,45,97,83
6,65,51,47,86,77,88,109,76,65,59,98,103,103,84,81,61,74,101,86
7,90,55,76,49,100,83,102,41,81,93,57,71,64,55,87,49,46,49,104
8,72,55,62,80,103,50,62,41,90,65,97,46,58,81,54,102,63,41,55
9,66,72,72,43,92,57,101,71,46,106,92,88,46,70,59,104,46,58,54
10,84,75,48,53,52,52,83,64,72,103,116,83,51,58,77,73,71,66,61
11,66,62,86,45,64,111,102,46,73,102,65,59,64,56,80,74,54,50,42
12,95,63,75,106,77,71,57,42,62,59,40,60,111,46,100,60,41,51,49
13,42,88,55,105,57,47,58,85,89,57,49,61,54,116,76,57,50,94,85
14,48,85,51,64,75,52,113,89,86,45,85,40,57,48,63,42,72,54,57
15,103,54,81,50,77,78,88,40,53,40,52,112,60,80,74,56,65,47,42
16,70,55,78,56,70,44,81,80,81,85,44,97,46,44,69,70,105,73,113
17,99,64,86,92,58,44,112,45,109,108,52,65,107,59,48,75,57,47,53
18,42,78,51,102,67,44,78,53,84,75,64,48,47,80,79,71,47,44,55
19,66,74,70,43,54,47,83,42,73,102,45,88,103,52,84,69,110,41,87
20,61,61,72,50,84,57,49,110,41,97,42,65,41,111,64,108,101,40,61
21,48,43,119,100,60,54,50,57,55,76,41,72,54,51,52,119,57,63,56
22,75,60,93,71,75,47,82,59,42,74,106,86,77,46,84,48,86,60,41
23,79,69,96,43,89,56,94,93,75,70,104,47,67,53,112,49,46,52,108
24,63,117,59,90,54,61,49,50,78,53,110,61,67,70,59,58,80,64,92
25,103,54,46,41,50,49,46,53,46,51,48,41,58,51,117,89,84,103,97
26,67,41,61,100,53,69,53,71,99,62,91,40,43,91,58,67,50,111,66
27,40,44,44,45,66,69,50,57,112,42,42,59,100,45,104,72,70,66,119
28,44,108,65,68,93,81,48,68,61,58,70,85,101,52,78,47,112,73,84
29,71,75,80,90,82,63,114,50,49,67,48,53,44,105,69,57,67,42,76
30,81,41,52,68,64,103,45,47,65,60,50,42,66,56,45,64,62,77,55
31,84,75,44,47,42,68,101,118,116,54,108,46,47,58,87,103,94,54,55
32,80,78,103,60,109,62,73,105,74,51,106,59,86,119,55,85,70,42,84
33,60,42,59,66,87,51,76,63,85,41,64,45,73,74,116,67,66,47,84
34,66,53,110,112,85,61,98,46,61,99,75,100,44,52,69,71,74,115,71
35,43,78,82,61,60,100,44,83,108,69,42,53,42,48,53,85,81,42,59
36,50,47,109,55,79,49,94,71,86,45,67,93,87,96,75,61,48,84,45
37,112,120,92,64,72,97,41,56,56,75,53,93,69,70,95,44,45,71,62
38,55,66,89,67,106,51,90,59,95,73,78,57,78,41,78,69,52,50,116
39,79,112,51,57,49,56,55,80,80,46,113,55,86,119,48,66,46,83,47
40,41,63,79,69,89,75,41,42,74,96,45,44,41,50,82,40,47,102,52
41,105,76,72,98,54,71,52,55,76,51,80,54,89,49,68,47,104,87,50
42,60,49,69,98,61,68,80,49,103,67,43,58,50,48,94,45,73,99,50
43,40,82,49,117,69,40,95,69,60,94,47,76,62,71,72,100,83,52,50
44,58,58,69,42,55,106,54,56,75,68,42,42,106,58,44,71,57,41,66
45,87,42,96,51,103,102,79,71,95,43,47,57,84,43,52,80,75,68,87
46,55,110,60,63,66,72,41,96,60,45,48,60,70,43,82,50,79,54,42
47,58,57,51,66,71,51,66,106,41,98,72,92,45,57,55,47,43,65,85
48,69,48,92,70,45,60,82,74,46,56,45,75,50,48,53,45,58,54,104
49,57,95,81,40,93,60,61,114,76,54,81,51,77,81,55,97,44,94,113
50,60,60,89,47,45,75,55,93,66,88,79,70,62,46,68,52,48,87,63
51,76,43,76,61,88,51,52,48,78,85,54,90,47,45,111,43,89,75,98
52,77,67,75,103,94,76,76,65,56,52,58,101,65,82,100,88,82,47,43
53,84,70,82,63,52,53,50,80,47,44,40,47,69,115,111,48,55,72,64
54,57,68,56,52,49,69,103,45,46,59,69,68,110,46,57,40,115,53,64
55,59,116,75,100,90,48,46,74,109,74,71,77,73,42,114,94,62,45,93
56,108,111,107,91,107,79,53,68,61,49,94,47,117,46,53,81,61,117,54
57,107,85,57,42,116,88,119,45,57,76,52,42,44,80,46,95,73,58,48
58,43,70,68,83,55,74,82,84,45,76,78,59,68,64,86,45,88,61,115
59,78,101,64,65,63,51,94,42,77,101,80,93,43,112,44,89,56,77,85
60,91,53,71,105,84,57,55,88,45,53,58,73,104,64,92,93,45,52,63
61,47,63,56,50,43,49,44,42,81,77,98,65,54,75,49,72,42,104,49
62,53,53,51,56,54,59,40,101,74,42,96,103,112,66,61,62,42,42,113
63,113,80,75,77,90,63,102,41,59,64,73,94,108,57,61,111,60,114,99
64,96,49,59,96,84,53,55,51,60,81,87,74,79,61,65,116,61,84,93
65,58,79,43,105,93,63,60,83,61,83,46,51,41,44,58,67,75,61,77
66,63,40,47,53,77,64,80,41,96,54,82,53,41,50,43,42,78,118,42
67,47,62,107,63,67,59,72,57,106,52,69,45,83,57,79,98,52,83,42
68,57,75,61,101,115,48,54,80,79,104,45,68,40,99,60,67,100,99,72
69,58,103,53,108,51,79,46,59,80,80,101,49,89,49,69,91,52,51,46
70,54,46,59,45,114,58,90,75,49,84,57,93,89,49,45,65,91,66,68
71,94,90,102,45,46,47,49,68,66,75,91,55,98,63,54,84,89,68,55
72,40,55,78,75,56,60,52,118,91,74,52,79,60,45,54,115,111,46,67
73,95,81,59,46,53,55,98,52,74,86,91,102,72,47,75,77,40,72,103
74,69,62,47,84,55,104,45,81,100,96,119,110,112,115,51,76,53,61,51
75,60,100,50,46,84,58,69,59,52,111,68,80,53,115,70,70,40,58,73
76,43,44,60,89,120,85,64,73,57,78,43,56,110,95,45,60,49,54,81
77,101,58,62,46,53,71,91,47,65,103,43,57,54,69,41,58,77,72,95
78,81,81,50,54,67,114,70,43,55,82,77,110,99,54,69,70,82,82,55
79,101,51,109,82,96,106,89,57,40,50,91,51,84,75,48,70,68,81,61
80,78,73,52,72,53,64,78,82,49,46,70,68,59,92,96,102,55,116,44
81,61,42,50,41,43,66,60,42,73,48,41,91,109,58,49,48,48,77,60
82,63,85,58,72,110,53,50,52,110,64,60,50,55,70,56,92,96,68,44
83,49,69,40,75,40,74,64,52,82,59,42,70,58,63,77,50,74,44,48
84,57,58,93,50,54,113,60,54,120,48,41,56,78,81,70,75,63,82,87
85,117,53,96,66,85,79,108,68,60,56,68,77,53,99,77,70,54,52,55
86,73,86,46,44,66,89,47,53,59,83,88,49,47,50,41,85,48,70,102
87,80,43,47,48,96,50,41,54,47,47,64,108,73,55,46,82,45,45,117
88,76,54,80,94,53,85,75,42,67,52,71,76,79,86,64,86,41,70,102
89,59,55,77,75,100,57,73,98,48,61,59,40,51,111,56,98,59,76,49
90,62,42,48,64,53,56,54,99,45,61,53,70,60,78,45,98,58,67,94
91,47,94,46,89,66,70,76,76,54,117,72,43,84,58,71,117,61,45,62
92,113,71,61,51,80,40,66,52,53,79,63,85,90,41,94,56,70,59,69
93,53,57,40,88,62,77,59,84,76,59,59,74,60,93,94,74,98,112,68
94,88,91,56,55,63,120,45,53,62,62,100,76,46,76,57,57,79,71,55
95,53,56,51,71,88,43,73,62,62,77,64,45,50,94,63,95,92,51,72
96,51,102,41,97,72,51,95,105,44,72,67,57,96,82,102,119,69,70,40
97,100,71,106,48,98,57,46,75,85,41,51,103,52,108,73,113,91,44,79
98,105,97,71,84,71,110,119,51,53,58,118,116,91,74,92,59,49,109,58
99,76,67,95,61,71,90,89,74,41,48,118,42,42,93,45,93,103,53,85
100,88,56,44,45,49,64,78,79,91,56,64,91,44,77,43,42,49,55,41
101,84,53,56,84,60,66,71,58,63,51,43,59,60,51,65,44,51,45,41
102,54,84,43,40,94,49,44,87,76,43,76,60,43,78,75,82,90,46,62
103,47,78,95,115,45,49,84,51,55,49,60,44,44,52,95,46,81,64,47
104,49,47,66,68,86,63,45,43,115,43,76,109,40,62,53,72,54,73,67
105,77,82,49,65,64,78,64,68,44,57,51,72,83,53,85,50,108,45,62
106,89,62,53,95,96,78,72,73,48,64,52,101,49,48,92,101,47,119,65
107,110,42,89,53,106,85,46,70,41,97,71,90,53,57,57,82,66,50,41
108,65,89,54,75,45,62,103,79,63,53,52,47,55,56,70,68,61,107,62
109,52,71,46,69,53,51,81,66,62,95,60,57,78,87,56,100,79,59,44
110,89,59,47,41,53,101,82,105,47,49,80,45,78,77,63,51,90,59,88
111,68,41,48,82,41,45,47,61,108,115,42,53,42,99,96,51,67,42,50
112,100,82,47,41,62,94,42,96,40,85,51,98,68,43,99,67,82,109,42
113,47,79,53,89,47,53,51,73,50,71,40,60,63,94,60,105,119,116,42
114,61,40,62,77,59,51,110,46,109,40,56,53,52,62,49,65,64,77,73
115,55,70,64,55,91,109,95,75,71,54,43,76,55,43,87,46,88,58,60
116,41,55,65,51,118,82,68,63,51,82,90,79,79,70,90,75,87,44,47
117,47,81,100,43,115,60,48,69,44,108,92,75,95,82,47,44,99,48,40
118,67,62,83,72,72,111,65,47,77,42,93,46,44,65,116,61,110,60,46
119,86,91,70,54,50,58,84,97,48,95,81,63,40,94,68,115,76,46,44
120,62,72,58,53,78,71,63,63,42,53,50,114,81,62,53,40,56,48,90
121,55,52,75,46,77,114,58,94,63,102,54,64,60,55,107,71,88,42,59
122,47,47,76,83,49,115,41,49,44,118,50,69,48,48,100,71,94,91,42
123,48,56,67,113,41,98,49,69,44,59,92,118,84,40,72,115,50,72,53
124,53,55,99,91,50,67,43,55,54,43,73,84,84,55,69,67,88,96,106
125,51,89,77,48,85,41,41,49,96,55,40,55,106,70,113,43,84,84,60
126,80,41,50,68,85,57,46,55,49,88,43,105,60,73,47,86,49,105,46
127,68,54,99,46,59,73,62,69,101,42,47,83,81,76,48,57,95,44,52
128,45,102,45,94,63,47,61,69,42,48,68,95,70,50,86,52,43,101,79
129,53,67,78,112,45,46,50,58,70,51,50,71,48,83,71,60,55,83,68
130,42,65,72,61,53,65,75,76,66,51,86,64,45,74,87,119,67,78,54
131,41,97,41,48,47,98,41,69,74,55,60,58,50,60,53,114,41,68,56
132,109,106,102,95,47,57,106,62,55,60,92,47,62,59,71,111,44,61,91
133,86,44,71,48,72,64,86,42,94,47,90,74,103,112,81,97,71,94,86
134,69,74,52,59,64,114,87,94,43,51,59,40,49,47,75,59,86,73,41
135,64,48,71,46,53,84,75,70,67,59,48,107,66,107,83,58,59,86,71
136,57,44,108,41,64,58,71,87,43,64,101,47,46,73,85,71,71,102,71
137,76,100,59,48,40,47,46,79,83,46,105,102,61,77,49,40,42,53,54
138,41,86,107,45,52,87,70,46,98,53,63,69,106,73,77,77,69,60,40
139,57,40,44,65,48,67,119,69,40,117,52,79,110,88,69,50,75,109,68
140,78,81,44,48,94,52,71,59,80,68,52,64,50,84,56,82,109,102,58
141,104,115,72,72,94,96,41,80,57,42,45,84,62,85,50,63,72,60,86
142,64,55,87,68,74,51,46,68,63,54,45,44,57,56,79,80,72,49,88
143,51,91,40,64,109,71,79,40,68,104,81,46,83,42,60,56,72,103,40
144,71,59,78,56,64,52,82,52,66,52,69,51,58,61,67,48,49,45,66
145,96,73,80,64,59,59,59,67,57,52,47,69,44,51,46,57,48,53,67
146,97,44,77,83,70,76,60,114,103,83,111,46,71,67,83,93,69,57,50
147,83,58,50,70,58,82,83,61,70,61,72,93,82,47,88,74,77,53,45
148,108,52,40,84,110,96,50,41,71,42,53,45,53,58,63,101,96,66,54
149,96,102,42,80,115,90,75,73,83,69,108,107,57,96,61,48,50,50,45
150,69,49,75,85,43,53,80,53,55,103,46,41,73,93,54,55,62,100,41
151,45,68,42,41,100,115,82,43,52,44,60,63,61,70,65,43,115,89,76
152,64,77,54,41,88,77,69,63,60,52,73,46,87,86,60,87,69,74,103
153,47,62,53,64,108,57,42,69,98,85,82,44,91,87,61,60,41,101,65
154,42,57,47,76,52,120,86,62,46,80,63,96,66,116,69,59,90,70,59
155,98,44,112,45,60,81,52,66,46,60,113,52,62,99,75,70,52,83,107
156,101,72,84,53,71,117,66,93,89,40,54,46,48,43,86,116,72,62,64
157,64,56,119,45,66,40,69,61,107,100,94,46,82,41,51,105,50,68,41
158,83,74,69,105,67,60,113,111,108,117,44,50,54,111,98,72,51,68,47
159,74,40,50,58,115,83,60,97,51,120,97,65,45,80,45,52,50,48,55
160,66,73,69,69,59,53,58,79,63,42,72,79,64,85,66,55,92,60,108
161,70,60,41,44,103,53,40,72,113,100,42,68,54,93,92,89,97,44,45
162,96,110,101,52,95,54,64,79,62,88,76,43,87,67,60,66,114,86,59
163,43,48,42,72,73,88,68,52,76,63,72,53,71,111,70,42,89,54,64
164,46,41,79,106,51,50,53,79,42,63,112,51,40,78,57,51,80,82,71
165,59,68,101,47,86,96,77,54,64,74,97,54,112,52,45,42,93,46,78
166,69,83,53,42,82,118,76,61,58,83,65,107,64,48,55,44,42,42,40
167,61,89,45,63,74,82,55,85,84,69,91,69,45,57,67,62,56,66,46
168,82,97,48,88,56,104,77,85,74,115,62,109,93,66,46,76,56,55,62
169,49,62,90,96,59,44,68,110,74,69,85,70,40,101,43,95,59,105,41
170,105,52,43,40,67,109,75,66,89,115,55,96,51,41,55,43,50,59,92
171,63,65,54,55,102,48,60,96,83,104,81,88,61,72,58,76,89,51,49
172,60,51,42,62,48,60,42,73,63,94,51,54,55,56,64,86,90,46,79
173,71,51,119,40,51,93,95,56,71,62,52,108,75,89,110,75,98,55,79
174,77,103,60,62,41,53,43,67,65,44,115,86,60,56,44,78,53,73,72
175,56,112,62,69,44,43,119,82,41,63,90,43,68,67,42,88,79,56,113
176,76,56,70,83,82,83,64,65,55,43,49,87,108,69,47,65,78,45,91
177,91,80,58,103,62,55,65,59,63,71,83,58,92,63,40,50,92,52,65
178,61,91,74,111,50,90,59,50,64,60,54,91,49,45,103,81,42,97,85
179,43,94,87,112,83,42,89,101,74,52,108,80,56,43,99,42,78,55,70
180,61,117,85,118,74,65,63,64,105,98,55,89,65,54,91,87,44,60,73
181,73,65,73,67,71,115,48,48,68,107,68,80,53,68,45,93,72,95,81
182,96,104,105,45,56,96,76,43,50,69,87,100,112,93,92,94,59,60,64
183,40,66,92,58,52,113,41,97,54,47,43,93,76,96,41,92,57,58,110
184,113,84,62,100,55,62,92,73,46,88,88,42,65,86,40,41,46,43,65
185,60,82,60,45,54,40,70,54,105,53,77,87,81,68,53,93,57,53,40
186,54,58,94,45,101,66,81,76,44,76,115,49,88,53,98,71,103,48,49
187,65,46,40,100,82,59,69,49,45,67,81,51,101,97,84,68,86,116,41
188,101,41,106,63,106,87,56,66,43,48,67,92,73,63,42,74,53,67,41
189,54,63,75,46,88,93,59,42,108,65,94,47,51,84,48,50,107,78,93
190,76,49,50,97,81,72,58,50,97,74,114,106,75,69,85,110,47,74,46
191,63,52,60,53,66,100,45,84,112,83,60,59,44,76,102,46,49,41,65
192,61,55,44,55,70,67,109,42,94,70,71,95,54,79,54,52,62,74,47
193,51,55,57,57,100,94,49,92,64,78,113,46,71,79,71,45,61,46,59
194,82,101,64,69,91,88,96,75,79,54,73,44,48,88,54,52,56,54,53
195,41,89,74,63,113,48,99,63,41,88,96,44,103,52,119,96,59,58,70
196,58,49,84,40,68,57,79,51,101,50,87,45,57,53,41,58,97,49,50
197,94,42,56,60,73,117,70,105,59,84,105,78,40,40,74,92,95,42,43
198,77,42,105,106,53,50,47,59,51,57,77,45,90,77,47,78,50,49,59
199,57,70,53,59,54,70,89,83,63,43,42,79,65,90,51,43,92,112,62
200,94,45,100,66,41,46,97,52,62,52,55,48,118,50,55,118,63,90,73
201,102,95,66,75,85,109,51,48,82,87,46,86,109,45,50,114,106,101,45
202,44,47,62,101,67,49,66,40,87,95,41,71,93,53,41,64,51,77,92
203,72,78,81,75,47,84,76,60,76,88,91,65,70,75,44,59,49,44,56
204,72,72,73,88,88,45,41,69,96,59,51,53,84,47,48,66,48,107,86
205,40,43,65,119,60,62,85,49,54,51,48,58,52,44,96,65,58,108,58
206,47,54,113,58,114,119,63,117,93,62,52,71,45,72,104,67,81,82,65
207,58,79,89,63,70,103,43,97,70,41,50,109,66,85,75,111,100,50,90
208,62,46,78,118,55,52,49,65,108,73,114,50,117,110,88,47,80,48,54
209,44,99,63,50,44,61,67,56,62,113,55,54,91,107,49,91,82,75,41
210,70,65,54,43,45,107,56,43,71,43,43,41,76,89,42,66,113,48,41
211,58,75,44,56,44,52,56,63,54,73,57,54,97,48,116,74,43,69,43
212,45,69,45,47,97,103,44,53,73,69,95,63,54,105,75,47,69,40,48
213,54,46,50,65,63,63,55,60,111,55,82,74,68,40,59,59,82,88,67
214,75,41,87,63,54,75,117,56,62,112,93,63,105,67,67,61,46,94,60
215,41,96,118,95,96,75,43,75,92,104,93,119,71,44,53,53,42,75,54
216,73,61,56,48,60,53,108,61,69,48,49,61,94,42,118,113,64,72,54
217,68,46,69,61,59,60,42,99,66,42,40,67,70,55,67,73,45,52,95
218,62,42,49,63,52,47,48,61,48,45,57,79,61,63,104,105,78,81,81
219,58,56,68,46,119,61,42,99,42,47,56,44,72,117,93,81,49,66,81
220,40,59,55,55,64,96,50,51,52,69,110,57,65,99,40,52,87,88,93
221,89,59,42,61,59,59,68,43,62,41,91,54,69,47,79,45,91,59,66
222,43,59,42,40,83,52,45,81,78,87,42,82,62,45,72,70,52,74,64
223,94,117,56,111,46,93,91,93,61,78,61,59,49,67,96,66,85,41,45
224,101,104,93,89,102,52,83,104,50,47,66,53,57,103,52,93,65,94,114
225,79,80,116,50,91,57,40,107,76,56,98,67,75,55,94,57,54,86,105
226,66,54,90,58,71,57,106,57,47,43,87,74,45,80,55,57,43,53,41
227,94,88,62,43,44,48,52,82,77,93,67,63,53,79,65,87,110,67,70
228,48,96,55,62,92,47,65,90,42,72,60,72,67,72,62,74,41,109,43
229,87,60,45,77,79,56,51,112,78,105,84,60,74,49,41,58,46,51,59
230,42,66,102,68,116,70,54,42,86,75,68,41,89,41,45,82,41,105,44
231,61,57,86,53,44,99,86,61,50,88,117,61,44,61,54,69,86,59,41
232,81,61,52,65,42,71,64,49,99,70,65,51,56,57,74,48,79,41,53
233,41,69,80,67,44,62,87,120,114,63,49,70,48,51,69,55,62,57,70
234,55,42,75,60,46,100,47,41,41,82,111,66,67,53,42,58,87,42,54
235,115,45,53,84,53,89,59,60,103,56,48,79,73,116,60,60,62,71,54
236,54,49,53,82,94,43,56,70,47,112,47,59,103,66,110,80,60,76,40
237,91,71,95,53,109,53,57,40,46,49,42,85,68,42,43,73,74,65,67
238,66,58,116,96,75,62,48,74,61,98,50,70,62,104,100,74,103,92,63
239,58,50,83,43,72,80,50,71,41,75,56,40,85,44,78,78,62,82,84
240,98,73,54,86,74,47,113,63,70,90,61,50,52,104,83,56,120,44,118
241,68,60,75,82,55,48,102,61,112,63,51,73,97,72,53,62,63,78,82
242,47,81,54,99,90,52,83,64,49,66,105,44,51,86,57,69,62,72,64
243,60,98,45,48,72,115,93,114,57,50,88,69,40,56,63,83,53,103,46
244,52,56,45,63,95,63,96,45,92,57,48,52,63,79,59,54,56,41,106
245,89,51,112,73,110,64,63,103,103,41,62,82,68,70,44,95,44,97,84
246,73,54,47,74,63,62,48,86,66,49,86,52,47,74,54,76,79,87,99
247,87,98,117,81,82,79,61,77,42,69,66,56,88,77,91,70,112,69,49
248,49,47,77,80,62,44,64,53,67,58,60,82,86,99,58,67,46,45,48
249,67,105,56,75,76,81,54,108,101,50,65,60,50,93,67,86,62,74,54
250,86,112,53,63,42,72,51,53,71,57,46,99,97,65,114,71,42,61,69
251,51,86,51,44,54,54,52,102,71,111,79,97,46,77,51,62,64,50,93
252,89,82,75,45,97,60,64,45,67,100,40,67,48,74,41,118,53,55,112
253,106,62,68,65,87,57,64,72,101,42,73,40,108,111,53,51,85,73,43
254,70,68,53,78,101,88,75,102,90,115,99,53,85,50,92,90,92,49,53
255,99,97,87,59,75,47,71,74,92,66,53,43,41,82,89,106,49,50,111
256,45,94,77,78,71,92,86,68,73,56,61,67,65,58,117,61,56,78,63
257,57,59,46,55,72,55,94,44,40,57,51,75,51,52,50,88,45,55,77
258,99,117,101,92,71,62,48,115,53,81,49,80,112,85,49,73,69,73,74
259,81,116,53,113,44,116,76,50,64,42,60,102,73,100,42,49,99,47,48
260,54,79,53,107,64,48,85,51,64,62,46,79,101,102,49,95,45,95,96
261,58,59,52,44,49,50,68,49,59,58,53,55,67,91,109,85,43,69,75
262,72,65,70,79,87,65,109,118,55,97,90,48,56,55,64,52,71,110,41
263,97,79,62,66,59,40,75,67,58,105,70,86,108,61,42,103,41,98,105
264,54,70,66,77,66,88,56,40,69,63,65,40,48,48,44,46,94,78,55
265,54,61,47,86,89,77,58,72,59,88,58,50,66,56,113,51,46,101,73
266,116,99,88,65,59,59,56,79,48,41,69,44,42,58,44,110,112,59,75
267,41,73,120,72,57,71,75,118,87,65,70,43,71,66,44,73,55,68,47
268,70,47,47,85,90,69,78,43,85,61,85,66,54,80,99,79,85,85,66
269,78,115,78,56,40,98,65,95,51,45,61,67,102,69,43,72,52,78,51
270,72,88,59,47,84,66,78,109,86,105,92,40,44,77,113,67,114,100,42
271,74,55,45,83,52,65,44,68,65,90,77,65,65,63,69,48,90,55,44
272,66,70,86,52,58,85,85,79,53,40,78,49,60,68,103,113,72,104,73
273,41,51,61,74,66,41,93,49,58,87,59,49,71,40,79,43,104,46,94
274,50,59,93,95,101,42,65,113,54,85,55,41,42,82,113,95,75,45,74
275,47,41,83,41,109,51,40,47,58,87,85,49,76,86,78,41,96,44,73
276,52,60,58,76,100,61,51,61,111,53,43,60,46,93,45,103,80,49,98
277,53,56,42,70,93,48,49,75,100,49,70,48,104,93,60,86,56,52,73
278,62,71,60,86,59,60,43,56,67,84,66,43,105,95,49,71,109,60,67
279,50,53,64,101,42,76,59,84,74,99,59,48,81,86,40,45,61,62,71
280,92,42,113,96,55,118,115,54,64,44,41,112,114,44,106,72,46,53,55
281,79,71,77,118,106,84,53,51,68,75,65,56,45,59,44,48,90,83,73
282,43,82,78,67,47,63,57,75,59,82,60,60,98,107,44,66,42,48,71
283,59,58,57,55,113,98,60,114,99,54,68,80,118,42,40,73,63,104,93
284,52,75,64,79,67,83,79,69,62,69,67,75,50,65,70,59,67,97,54
285,46,67,75,72,42,52,62,91,81,55,62,50,53,47,53,72,45,105,81
286,84,61,69,42,40,56,92,53,75,70,53,52,52,97,79,71,50,57,43
287,80,91,107,100,49,60,78,41,57,60,82,64,43,84,61,51,106,63,48
288,53,61,44,100,40,83,62,45,66,43,55,44,91,83,100,94,44,46,75
289,63,54,40,66,76,46,77,86,40,96,56,50,43,72,87,81,57,74,41
290,47,89,69,70,73,78,80,40,55,66,114,46,58,94,62,79,65,54,42
291,82,50,68,49,46,49,95,55,67,55,102,98,57,71,50,81,50,42,66
292,96,62,53,40,46,57,40,101,47,41,74,63,48,52,49,48,42,45,91
293,40,40,100,53,61,72,42,66,63,55,61,103,50,45,46,57,57,62,71
294,46,112,47,45,110,50,40,52,84,84,98,42,46,53,104,74,66,82,43
295,47,112,75,111,78,62,102,48,91,81,49,45,66,61,87,101,81,63,52
296,68,99,53,63,41,43,53,44,101,47,78,42,43,68,48,53,101,97,49
297,97,65,104,66,74,54,77,54,56,57,45,107,40,52,40,101,64,59,89
298,43,68,52,65,66,102,96,62,76,93,40,49,54,40,48,61,101,112,84
299,90,53,47,55,46,61,93,41,65,90,56,44,69,42,44,46,81,80,108
300,49,52,63,87,46,112,53,41,64,103,97,120,44,45,81,77,68,72,58
301,45,69,86,90,108,45,61,54,54,69,47,40,68,49,101,63,56,81,49
302,42,63,52,99,100,50,98,44,52,79,72,80,95,80,61,51,98,80,86
303,108,77,92,101,94,57,60,112,58,71,40,91,62,93,57,45,62,93,62
304,97,45,44,74,65,107,51,108,53,81,48,48,108,87,74,47,43,60,66
305,51,68,81,61,65,70,47,78,46,69,49,97,45,120,57,43,93,75,65
306,58,42,91,115,87,120,69,61,42,66,87,50,67,77,83,111,90,104,52
307,49,58,117,51,44,49,64,66,107,53,50,62,54,59,45,54,50,42,42
308,51,45,79,99,63,41,79,89,47,51,69,91,67,64,50,59,75,94,75
309,71,48,105,48,62,40,111,63,40,44,55,83,63,48,86,81,117,42,61
310,94,45,45,40,47,95,106,96,109,76,46,73,63,99,116,45,74,46,85
311,118,60,75,41,94,40,65,42,118,54,80,108,87,83,72,46,41,64,78
312,68,57,57,58,91,67,61,65,108,64,84,72,58,89,66,69,74,104,67
313,58,53,119,49,52,119,96,98,73,83,52,106,43,82,43,104,94,47,99
314,46,65,117,56,88,40,63,42,81,57,44,40,106,46,44,71,45,49,47
315,67,55,52,40,58,75,53,71,64,59,67,49,50,56,51,51,41,49,79
316,65,120,85,71,68,100,102,83,109,53,77,83,66,50,52,56,111,74,84
317,111,45,54,84,70,53,93,105,48,91,53,51,74,91,51,62,48,85,52
318,87,96,44,100,54,95,48,47,45,55,61,113,77,67,60,96,115,60,72
319,56,66,52,52,42,41,62,54,61,62,47,54,54,87,55,103,81,48,83
320,50,76,88,40,66,53,72,60,69,58,51,42,46,79,43,46,99,50,55
321,46,107,54,51,76,45,70,44,58,64,59,75,98,69,47,48,68,62,51
322,68,103,63,40,74,49,65,45,85,57,66,99,59,87,41,65,45,113,55
323,75,98,50,78,47,62,105,53,40,66,114,68,45,67,54,114,47,51,43
324,45,80,58,40,48,50,93,40,62,61,49,62,86,55,40,79,58,51,58
325,83,65,55,52,65,59,55,94,102,76,72,106,55,86,48,105,50,61,66
326,50,90,79,113,59,110,83,56,114,76,41,120,82,63,75,70,71,108,44
327,49,49,54,104,74,46,41,101,56,43,84,81,54,79,40,40,52,85,58
328,57,68,102,71,98,44,52,80,72,52,53,74,87,48,54,65,45,108,43
329,120,55,45,110,68,68,55,51,95,118,88,41,45,44,98,87,40,102,105
330,53,81,60,85,72,58,115,75,94,75,58,69,46,60,47,90,86,79,48
331,110,94,99,71,87,43,113,43,43,46,73,81,79,90,84,63,69,59,94
332,52,64,54,87,58,51,75,55,52,40,80,73,75,49,90,42,44,89,40
333,57,52,42,56,68,59,76,107,63,100,85,57,46,42,77,97,71,67,53
334,66,50,41,110,57,41,94,50,71,42,72,71,50,40,66,85,112,54,64
335,97,67,116,78,107,70,92,67,43,70,105,62,50,78,41,47,67,81,53
336,70,99,89,87,95,76,46,71,58,86,57,91,54,63,50,47,56,44,66
337,78,120,70,108,43,87,88,48,44,43,48,51,67,99,65,80,58,69,86
338,75,55,54,68,80,41,76,50,54,64,112,71,56,41,41,60,42,95,46
339,84,77,91,40,52,52,40,95,62,67,52,44,40,61,117,43,60,91,61
340,70,44,57,60,56,73,66,46,81,52,62,97,42,52,91,57,51,56,100
341,91,78,53,48,76,58,54,107,108,56,85,61,60,49,64,41,67,68,82
342,57,42,78,56,80,46,88,95,56,51,69,47,70,61,47,54,66,42,77
343,106,55,64,74,44,49,43,65,52,61,57,86,96,82,77,45,62,48,49
344,92,79,98,87,61,88,52,97,61,47,46,55,60,62,92,63,70,90,45
345,87,75,46,88,55,54,92,62,120,48,53,83,93,75,47,66,50,50,69
346,56,64,87,54,44,73,85,91,71,72,47,69,74,85,43,95,78,63,91
347,42,73,77,42,55,54,41,47,46,78,52,112,74,82,72,78,73,117,62
348,65,105,78,105,40,53,40,55,54,55,81,94,70,53,81,89,60,112,43
349,116,116,62,65,43,73,94,64,76,93,102,44,98,43,76,118,98,44,70
350,78,112,71,99,53,49,92,73,67,93,66,54,85,44,58,49,40,80,88
351,41,98,74,64,120,97,89,99,45,68,49,42,79,53,46,62,99,96,84
352,40,67,57,68,100,57,45,89,75,78,58,83,64,49,99,64,115,67,44
353,72,69,54,42,116,41,112,60,74,64,72,44,92,107,63,50,48,76,120
354,120,115,61,46,58,46,92,53,100,82,81,77,60,71,47,46,95,83,76
355,58,87,40,51,56,48,55,80,43,70,61,60,40,61,54,66,51,88,56
356,45,49,98,59,73,66,56,49,81,66,52,100,44,57,67,78,41,47,109
357,112,56,94,88,51,70,111,47,92,101,43,64,100,57,59,55,81,53,44
358,46,71,46,46,79,77,74,48,49,50,40,61,50,57,92,118,49,74,77
359,93,79,46,95,46,50,48,82,113,41,96,95,45,71,60,78,47,60,60
360,80,96,109,53,45,46,40,45,106,92,59,65,111,60,72,77,41,45,67
361,75,64,45,61,63,83,65,74,58,51,81,56,60,45,97,100,88,81,40
362,49,113,87,60,99,62,76,48,77,60,40,52,45,47,119,53,77,91,54
363,53,51,47,64,76,68,110,108,69,49,105,112,103,56,54,61,108,66,117
364,71,72,75,45,112,88,47,46,58,84,101,87,79,44,97,85,62,71,49
365,58,40,76,49,64,47,59,94,43,53,100,54,58,64,95,120,107,64,80
366,53,47,42,78,68,116,53,64,84,62,45,79,41,49,41,40,66,78,71
367,45,66,102,84,90,62,44,65,102,58,54,51,54,62,92,89,44,60,44
368,65,44,83,56,53,80,63,72,78,102,89,55,75,40,108,47,62,75,68
369,74,106,48,64,83,51,44,113,62,56,63,53,82,50,55,56,93,56,50
370,61,85,72,57,64,116,104,58,78,104,45,67,71,76,71,54,72,74,59
371,117,77,45,57,55,73,66,55,47,110,84,76,48,42,56,63,42,62,96
372,57,41,67,81,88,74,68,44,106,44,68,40,120,53,101,117,42,89,45
373,112,102,48,58,62,43,64,81,80,57,91,65,49,53,116,59,49,109,44
374,105,61,73,85,40,43,97,67,119,77,70,78,55,64,49,77,62,65,49
375,65,64,44,93,108,72,46,66,88,86,40,91,76,57,51,64,40,58,84
376,45,47,111,84,44,94,103,53,61,41,56,77,58,74,81,40,56,68,53
377,89,80,49,41,59,97,52,90,47,95,114,90,54,63,78,68,85,82,103
378,104,45,60,60,90,40,116,96,71,86,44,45,41,42,66,63,50,61,79
379,92,61,69,87,62,89,54,59,62,108,111,81,46,108,73,48,119,84,68
380,92,53,99,46,68,87,98,98,98,84,112,47,42,41,61,55,114,89,43
381,66,49,53,73,68,82,98,79,89,110,69,59,45,48,44,47,53,65,71
382,78,55,52,45,77,96,40,50,88,68,108,80,73,40,68,61,60,48,91
383,71,55,106,49,79,92,87,108,52,104,114,86,77,78,49,40,76,111,83
384,70,79,44,50,102,62,69,65,74,47,43,40,57,87,66,57,75,42,53
385,117,45,47,56,77,76,67,50,64,72,99,77,41,44,65,120,81,60,53
386,53,55,42,44,44,42,99,64,54,49,65,69,82,80,53,100,79,60,55
387,67,51,57,40,87,54,64,46,61,85,109,52,105,69,70,74,52,82,59
388,74,65,109,41,90,67,67,63,119,86,73,47,71,49,40,91,48,49,74
389,85,73,68,58,84,47,44,46,67,49,106,63,40,60,77,62,75,78,51
390,113,74,52,98,93,117,56,57,65,59,106,98,77,42,42,71,55,79,47
391,61,42,48,59,108,47,103,112,47,52,97,101,63,77,46,62,70,118,52
392,66,45,114,73,71,61,67,41,60,71,93,43,46,77,85,76,44,88,40
393,69,65,70,106,71,51,95,50,40,48,105,101,65,41,89,50,82,71,52
394,119,84,111,46,104,96,110,86,101,43,44,40,98,40,97,57,86,45,44
395,66,52,64,43,56,93,62,57,90,70,97,43,44,46,70,71,118,63,53
396,49,54,65,114,88,66,67,66,101,46,43,45,67,90,46,58,74,52,47
397,53,55,110,66,66,46,49,111,71,73,49,91,40,45,98,73,74,40,58
398,111,50,97,89,49,97,111,84,49,50,61,62,42,55,83,107,98,112,50
399,42,55,78,56,90,42,91,113,88,71,102,52,65,54,61,87,69,57,50
400,63,41,51,64,64,46,64,47,101,77,101,73,67,51,52,42,78,57,76
401,68,52,50,43,54,44,63,50,77,41,77,79,105,73,65,93,99,61,116
402,62,64,62,53,42,75,77,40,50,40,63,63,73,112,62,98,44,67,96
403,40,75,49,67,59,74,54,82,111,68,70,79,56,72,98,82,42,118,118
404,59,52,99,92,80,42,98,119,63,50,66,101,78,92,83,44,56,62,66
405,44,71,50,78,77,72,103,48,44,61,57,47,101,43,60,65,111,81,70
406,65,43,42,78,78,102,100,64,117,95,90,54,106,49,107,54,78,71,92
407,112,106,53,44,54,53,56,62,109,63,41,86,61,51,63,109,69,61,46
408,59,99,67,101,81,98,44,60,43,59,73,62,106,60,92,91,48,50,56
409,48,68,88,40,120,47,63,113,82,113,49,72,111,73,88,100,93,49,52
410,44,77,109,57,58,64,56,61,57,86,48,63,42,60,114,40,77,110,78
411,110,45,54,86,95,52,65,53,51,60,59,41,101,41,53,48,59,64,54
412,93,44,40,87,74,69,80,64,41,47,95,95,70,57,40,51,51,54,48
413,69,42,86,44,62,40,43,65,68,104,65,119,115,74,70,48,81,67,45
414,54,81,77,74,43,56,59,94,88,40,95,83,58,58,55,65,71,68,84
415,53,82,70,63,61,40,47,103,90,98,53,51,61,95,45,97,88,76,46
416,51,97,58,71,61,66,64,89,66,44,94,108,74,99,82,86,48,83,61
417,73,50,85,45,62,58,54,65,51,57,52,65,57,49,49,63,62,76,67
418,104,43,109,70,79,98,90,74,54,49,71,117,81,101,48,95,58,82,51
419,43,52,69,49,89,87,74,96,98,62,42,63,96,75,48,42,48,44,77
420,74,47,94,92,79,89,76,105,52,67,54,59,42,42,50,75,93,74,50
421,118,56,45,98,71,69,95,116,71,65,108,79,57,73,64,53,87,70,63
422,90,91,80,88,104,52,67,77,50,98,79,117,40,52,76,42,110,72,57
423,43,54,88,40,65,40,98,100,49,57,42,90,89,86,44,118,73,54,44
424,75,98,83,81,103,114,47,59,68,96,100,57,74,106,41,48,50,95,102
425,50,79,56,74,40,51,118,83,55,56,45,90,80,42,82,55,55,53,62
426,41,58,77,111,66,49,82,65,80,108,41,43,59,109,49,70,92,47,70
427,106,88,62,58,47,86,75,74,44,45,71,70,109,78,62,74,51,77,51
428,59,45,77,66,95,79,120,41,56,70,85,41,52,51,71,50,90,70,47
429,113,94,47,102,57,69,43,48,45,95,50,86,51,41,65,45,85,115,79
430,75,50,109,60,95,60,59,92,45,56,79,67,65,56,49,62,49,43,48
431,101,40,41,119,48,51,70,119,79,49,120,51,42,98,72,54,106,76,74
432,61,66,77,89,75,40,93,43,110,113,76,118,71,56,87,91,62,64,41
433,59,44,115,54,60,43,93,62,108,48,62,61,41,54,110,66,42,85,41
434,56,41,64,42,61,62,80,65,57,54,67,70,44,93,65,53,57,96,47
435,49,61,49,112,101,56,55,81,60,41,57,76,78,64,73,100,68,69,42
436,59,49,71,103,61,55,50,79,48,111,41,48,44,51,48,65,66,67,57
437,47,52,49,58,78,43,51,62,57,52,47,52,51,50,60,68,74,117,62
438,65,62,109,61,78,109,67,40,45,54,96,54,56,48,78,56,51,46,50
439,64,40,52,65,44,118,73,53,79,45,53,77,106,74,110,75,55,90,71
440,86,101,50,50,62,59,41,88,95,51,84,57,43,42,46,72,58,62,49
441,89,102,53,64,53,51,58,48,42,59,85,47,46,46,41,66,56,46,48
442,40,83,50,86,108,74,57,47,40,54,52,40,64,44,85,74,43,115,68
443,49,120,111,54,102,49,74,66,81,70,51,44,87,41,89,84,48,83,42
444,49,81,102,75,105,58,89,101,107,60,41,82,99,74,69,63,60,69,54
445,70,86,52,52,40,64,48,63,89,44,76,62,79,54,105,50,104,56,110
446,41,75,68,61,87,48,43,70,40,41,48,47,63,104,81,52,93,90,46
447,50,69,118,81,53,78,109,50,57,85,59,49,89,65,81,45,85,85,91
448,67,54,100,67,98,48,91,57,42,61,79,47,40,80,102,49,41,46,50
449,53,81,85,47,58,62,42,95,44,71,70,55,41,44,44,46,77,86,63
450,50,102,70,76,66,49,62,60,75,57,48,106,85,92,67,53,59,78,64
451,42,96,56,72,53,83,41,99,117,41,106,92,57,40,43,68,88,41,48
452,100,60,94,91,58,41,64,113,69,96,52,119,75,57,94,65,61,92,88
453,81,67,67,55,66,60,42,112,100,62,84,60,75,70,59,65,75,55,114
454,57,77,55,81,42,57,117,90,118,49,67,90,90,64,71,43,106,102,81
455,95,43,91,51,53,64,73,46,48,42,57,88,50,40,81,63,63,54,61
456,66,52,101,75,47,86,101,115,40,117,58,64,46,90,44,111,55,84,41
457,47,67,94,103,40,51,48,118,72,66,59,87,71,114,82,91,41,84,78
458,65,82,70,73,67,78,55,52,81,75,50,47,76,43,50,45,99,42,98
459,108,43,71,71,56,113,72,77,46,54,47,65,40,88,42,46,96,52,43
460,80,111,84,42,51,95,68,100,59,62,63,74,104,93,59,77,91,77,90
461,51,118,76,43,52,76,79,41,93,57,96,79,80,119,116,41,79,54,100
462,79,56,62,47,72,54,42,62,71,60,59,50,94,90,79,50,69,54,45
463,48,57,54,71,84,88,41,69,44,80,64,41,92,103,42,44,57,88,66
464,76,93,80,53,43,46,43,72,112,77,53,52,43,49,73,114,77,106,68
465,77,89,64,40,55,57,99,50,72,50,69,116,56,64,45,78,53,62,73
466,51,98,118,49,61,78,54,50,88,64,41,106,54,78,40,73,63,66,89
467,54,92,95,115,49,41,43,56,64,57,66,45,58,46,52,58,65,85,51
468,76,41,57,106,67,61,67,40,62,75,75,88,85,63,79,63,46,76,62
469,50,57,106,71,70,46,40,90,52,61,93,56,76,44,89,54,66,58,49
470,98,72,40,61,40,64,66,79,58,66,107,78,42,61,96,57,93,91,79
471,118,60,78,90,65,97,69,53,75,67,87,60,79,40,44,76,53,42,94
472,81,75,43,92,103,44,52,88,77,47,44,52,51,98,72,115,48,45,90
473,47,85,105,74,62,48,110,43,40,74,52,43,52,49,112,40,82,112,46
474,88,52,56,77,78,53,79,71,42,66,54,63,55,119,103,114,68,86,79
475,72,101,78,60,63,99,43,77,93,60,44,64,59,58,55,58,104,102,60
476,52,97,43,115,67,67,118,52,85,64,58,53,53,81,83,50,46,40,92
477,112,47,49,111,91,43,111,119,68,60,49,67,45,81,79,87,50,58,41
478,117,82,107,54,110,92,111,93,83,83,56,91,94,48,63,94,64,42,109
479,67,58,42,57,61,53,102,97,48,90,51,53,88,61,60,109,69,53,98
480,114,97,86,42,94,48,71,57,66,40,46,48,78,89,95,45,89,95,79
481,107,50,71,87,57,45,56,85,83,48,86,54,41,70,57,49,58,43,72
482,88,45,56,117,43,75,79,45,67,42,51,91,103,49,49,50,104,45,52
483,86,67,50,84,104,80,88,101,59,74,70,73,47,80,91,86,83,83,104
484,50,90,59,41,51,57,45,88,65,46,88,53,41,52,43,54,100,55,43
485,60,54,77,64,76,76,54,81,41,92,98,88,65,43,42,52,46,63,48
486,64,76,71,83,51,100,63,77,68,97,101,44,41,94,54,51,84,40,62
487,59,68,41,66,91,97,62,42,40,80,62,69,47,40,115,61,68,99,40
488,53,91,99,42,65,47,74,41,65,59,70,67,42,93,69,93,56,99,56
489,70,82,87,69,76,44,51,101,69,57,66,54,84,71,90,49,65,58,98
490,80,67,89,57,84,75,119,64,60,64,77,42,82,48,81,109,102,72,80
491,63,75,72,40,77,109,46,56,111,113,76,72,55,81,50,43,66,64,40
492,68,109,76,65,82,77,59,41,41,63,59,48,49,60,52,61,100,91,43
493,71,62,70,86,46,66,113,92,82,41,57,46,45,72,57,73,85,98,111
494,58,82,40,40,86,101,43,84,73,92,70,45,80,40,54,60,42,54,47
495,49,77,63,98,59,82,55,66,45,86,65,43,87,93,48,61,81,58,76
496,110,41,52,73,62,57,48,73,53,103,68,50,48,55,94,53,69,62,100
497,88,56,68,58,48,43,40,59,56,41,46,71,66,45,101,69,57,76,84
498,89,68,69,71,97,53,46,95,98,58,65,66,67,40,107,56,40,107,67
499,64,93,48,51,70,82,61,99,116,56,83,70,60,67,49,119,64,45,48
500,66,70,91,68,114,83,50,50,54,92,83,118,98,57,101,52,96,65,59
501,49,54,70,61,102,90,60,109,41,43,109,56,57,62,40,58,42,60,69
502,57,41,119,48,78,63,52,44,47,43,49,102,45,90,68,90,63,68,67
503,43,74,77,63,46,115,79,84,93,100,69,116,68,50,60,93,45,40,93
504,55,74,44,119,41,64,97,58,72,69,112,53,78,66,75,40,51,110,40
505,62,45,52,44,91,91,80,43,86,50,101,58,81,44,73,68,96,69,62
506,96,100,75,54,61,47,97,65,47,51,65,41,96,54,76,52,56,54,86
507,50,44,42,75,58,47,72,59,69,98,63,73,53,90,40,65,69,54,42
508,92,65,48,52,56,44,51,62,59,45,63,93,43,53,73,81,42,40,94
509,80,107,89,47,50,47,80,90,62,67,40,52,92,48,71,41,89,92,107
510,47,71,62,68,93,54,88,59,87,46,117,50,78,40,88,97,83,63,70
511,70,50,45,99,52,51,112,48,63,100,86,72,47,120,63,56,60,43,40
512,53,49,85,74,109,52,52,92,84,42,112,41,71,58,46,62,88,70,46
513,65,72,57,60,56,67,115,54,45,64,58,68,88,84,93,58,70,55,56
514,46,73,45,62,81,51,86,51,96,76,56,80,93,40,81,67,75,113,53
515,117,49,113,70,63,66,73,83,107,115,48,63,55,79,110,66,69,89,72
516,56,49,60,86,67,67,61,50,46,68,49,73,69,85,105,93,86,72,86
517,79,108,67,104,51,64,47,81,54,89,51,115,93,75,66,61,45,44,54
518,82,49,68,46,40,82,53,112,50,90,77,70,81,45,50,63,64,65,72
519,95,53,53,86,95,47,45,75,42,53,65,89,72,69,64,65,108,65,91
520,73,54,72,40,112,47,67,68,88,46,47,71,52,84,44,71,82,44,97
521,78,45,82,47,40,69,104,87,48,63,56,41,46,40,61,58,65,64,49
522,57,45,92,53,102,110,90,113,87,55,106,68,107,48,45,52,58,44,57
523,58,76,57,40,48,83,71,40,115,74,67,58,61,48,65,99,49,55,57
524,69,51,65,50,41,72,69,52,57,40,62,72,76,57,61,66,51,103,64
525,54,50,50,74,100,113,99,61,55,47,103,74,44,75,94,57,119,44,40
526,48,60,57,82,53,70,111,85,55,99,58,58,74,88,50,43,48,46,50
527,52,56,77,92,62,49,47,106,79,52,79,74,62,72,43,97,52,53,69
528,72,55,40,85,51,42,49,41,54,104,90,90,106,90,48,49,89,58,43
529,46,63,84,75,43,72,78,41,67,42,102,73,86,49,97,69,41,97,56
530,67,83,90,96,44,112,74,117,110,102,53,80,92,52,47,43,63,58,44
531,79,75,43,78,51,43,46,63,114,107,77,67,90,85,56,48,70,96,96
532,96,118,98,72,93,101,67,92,49,44,49,107,75,69,73,80,76,97,54
533,47,52,52,77,73,55,48,49,42,90,73,74,74,50,55,89,78,40,50
534,58,83,71,48,66,55,100,63,79,104,81,75,48,67,49,60,102,48,97
535,84,53,104,109,67,114,52,44,48,115,64,60,63,85,86,58,87,71,68
536,87,44,49,96,119,71,77,60,86,52,78,68,52,98,91,75,63,117,120
537,68,82,43,40,56,55,48,52,68,108,46,93,47,64,81,62,65,50,56
538,49,100,63,72,47,120,86,51,63,88,61,47,46,56,60,68,44,71,75
539,101,49,80,66,71,64,75,102,86,54,70,57,69,94,66,61,58,53,72
540,71,57,47,55,79,73,68,69,76,64,41,52,90,83,59,92,55,93,53
541,60,90,61,63,68,62,41,48,41,49,51,74,79,70,100,40,101,69,61
542,70,101,54,43,66,112,100,57,68,73,46,52,74,91,74,98,40,88,89
543,50,60,120,83,77,56,73,117,84,74,49,76,44,68,42,64,77,47,95
544,68,108,64,49,52,84,62,79,51,74,47,59,111,49,101,70,116,50,104
545,48,57,116,104,89,41,87,47,73,100,79,76,68,98,65,53,90,54,40
546,45,103,56,93,118,54,52,49,58,50,112,45,52,76,48,60,66,57,48
547,42,47,106,65,65,99,66,54,80,63,77,49,58,56,50,43,78,79,95
548,48,60,48,92,42,73,44,64,99,53,82,88,106,65,62,40,49,75,46
549,50,47,81,98,100,63,59,93,49,50,78,112,56,72,74,41,74,87,59
550,82,42,70,89,60,45,64,106,68,47,83,64,55,48,44,54,64,118,77
551,40,64,91,74,62,48,81,88,47,56,83,48,54,72,87,59,84,110,40
552,58,43,94,106,52,42,63,70,50,55,118,63,83,59,58,93,62,66,59
553,40,93,86,85,40,107,48,49,71,101,77,70,73,51,71,62,77,76,43
554,110,43,49,43,50,109,44,109,103,43,50,45,105,53,52,66,67,44,78
555,48,78,102,71,89,108,111,45,75,93,67,49,43,48,91,56,89,80,93
556,87,75,85,88,53,67,77,71,97,59,59,99,43,115,93,55,81,51,52
557,46,60,46,51,54,61,53,41,50,66,52,55,77,52,73,61,96,70,72
558,45,63,41,64,78,70,80,119,115,59,63,47,117,57,70,65,43,43,61
559,49,70,45,77,60,46,45,115,87,56,46,91,40,46,40,64,42,55,48
560,89,112,56,96,64,62,65,55,61,78,64,53,50,62,47,72,41,42,74
561,83,77,63,117,99,71,42,46,105,51,76,42,89,95,41,67,54,77,63
562,68,41,75,45,48,74,92,47,104,57,81,111,99,84,76,120,104,92,84
563,43,57,43,54,92,41,78,62,80,68,82,80,64,44,111,43,61,64,110
564,67,85,94,59,57,54,96,62,97,81,44,47,76,58,40,57,76,69,98
565,76,47,50,82,90,93,52,63,73,84,59,54,113,93,87,78,59,41,41
566,64,92,73,66,63,96,54,67,91,73,49,74,78,40,56,94,57,47,81
567,48,65,46,92,83,61,97,89,66,46,69,46,50,40,61,74,71,96,79
568,89,74,76,57,64,54,59,50,79,62,49,57,80,54,113,113,55,93,100
569,98,58,56,63,78,55,73,76,96,43,53,66,68,65,81,74,60,92,50
570,109,64,108,81,114,83,66,49,66,103,98,61,64,41,100,62,86,75,46
571,43,44,75,95,73,101,69,43,112,108,42,90,52,92,68,43,54,101,62
572,60,84,40,102,75,45,58,69,51,64,58,53,109,72,83,108,59,61,67
573,54,63,44,65,100,92,47,82,90,52,95,55,65,72,72,50,92,44,83
574,43,60,43,47,108,84,47,64,55,75,70,81,106,61,51,72,70,65,99
575,59,48,55,90,95,62,52,44,51,99,62,76,61,42,58,48,49,111,41
576,116,65,89,59,62,58,51,55,93,86,66,82,91,45,99,65,116,120,83
577,86,53,118,64,49,87,51,51,92,53,57,69,61,69,82,67,48,57,53
578,89,70,105,57,58,60,61,103,47,71,56,52,94,64,52,50,73,62,102
579,67,45,54,93,55,101,46,79,111,101,46,74,74,86,62,114,66,53,70
580,49,104,75,63,74,54,84,59,48,68,100,83,99,49,100,58,90,72,68
581,45,84,118,54,108,41,58,40,44,90,63,45,66,48,44,93,62,104,42
582,103,55,88,58,69,115,41,46,73,57,109,65,80,40,82,40,89,45,87
583,60,52,80,105,43,106,66,46,58,40,65,61,59,87,66,75,45,66,57
584,46,47,42,59,106,62,62,63,81,53,70,74,50,59,63,43,92,78,48
585,106,70,60,42,68,52,40,57,58,79,51,60,93,98,94,106,102,112,78
586,63,41,97,119,74,48,40,115,66,104,113,55,46,48,40,78,50,103,68
587,45,94,45,71,60,92,56,80,69,76,55,105,44,118,60,74,63,61,63
588,64,57,56,61,51,76,103,55,40,79,112,75,63,59,80,96,89,74,41
589,75,74,47,72,58,71,43,59,75,43,81,54,49,82,83,75,91,41,109
590,53,43,48,42,93,71,56,81,44,81,63,46,49,65,80,101,79,113,94
591,92,83,53,80,95,67,55,43,78,69,93,98,65,44,43,66,93,103,51
592,51,61,70,54,68,65,50,79,86,53,80,47,57,74,67,82,53,58,53
593,111,54,75,44,62,77,50,64,86,78,95,47,49,63,74,58,65,49,88
594,71,40,54,50,46,44,63,57,86,66,84,43,79,110,56,77,57,88,88
595,76,87,73,90,43,71,61,51,41,91,62,109,41,51,64,53,43,54,60
596,99,53,96,105,62,68,53,57,97,91,69,50,90,75,88,64,56,79,84
597,54,53,116,54,118,54,58,67,55,92,67,49,60,51,64,59,76,72,42
598,81,100,43,41,70,89,83,46,66,63,77,83,68,46,60,84,75,61,72
599,47,80,94,40,41,91,61,90,48,44,76,56,105,49,119,44,40,55,60
600,60,56,41,67,57,97,80,42,54,64,53,63,43,86,51,88,70,86,47
601,49,65,65,63,61,89,55,108,46,109,46,85,61,62,45,52,49,67,80
602,56,42,111,103,61,43,117,57,45,45,54,84,68,77,44,43,90,43,53
603,55,44,84,114,61,65,43,71,67,106,74,49,86,41,41,63,79,72,53
604,53,86,64,40,47,49,82,46,44,50,85,92,79,57,68,118,68,80,96
605,116,90,68,45,47,57,75,53,69,45,45,68,82,50,76,106,42,60,48
606,77,61,71,66,69,58,85,50,60,42,69,48,83,75,41,43,79,59,95
607,55,55,47,75,42,77,55,100,112,68,43,102,107,73,74,44,50,43,44
608,65,55,74,57,75,104,48,50,41,46,111,48,71,108,59,84,53,54,99
609,74,68,75,45,40,54,56,58,61,79,57,46,53,48,85,70,64,101,40
610,97,107,43,70,72,72,71,41,48,106,55,75,54,98,53,65,98,45,45
611,50,61,98,118,47,43,116,53,52,54,52,58,51,91,47,60,40,62,94
612,79,51,56,99,93,71,83,59,42,69,91,108,89,100,45,75,53,83,63
613,98,41,59,85,83,70,47,57,90,53,73,96,42,40,80,51,64,98,46
614,71,75,63,46,41,71,56,109,99,68,67,81,105,84,103,85,111,67,41
615,44,65,47,108,83,93,109,70,65,48,74,82,57,74,71,49,119,72,40
616,47,69,46,73,79,58,40,66,46,99,45,97,49,80,92,69,115,59,96
617,63,80,54,68,55,59,80,117,58,85,70,114,68,91,55,55,90,70,52
618,83,70,85,74,45,79,90,73,55,99,45,41,111,84,70,68,46,41,68
619,75,47,70,73,64,51,47,86,60,66,82,69,66,45,57,53,85,62,71
620,102,54,69,64,52,50,90,59,47,41,63,67,64,70,52,55,50,50,61
621,52,72,55,78,48,77,61,60,57,56,57,43,71,53,70,64,76,81,114
622,81,40,47,70,67,86,41,70,102,52,81,40,72,73,51,82,49,57,41
623,84,42,120,58,65,74,45,58,87,70,40,95,51,88,58,118,52,86,90
624,42,107,41,110,61,78,65,66,57,114,70,60,70,85,44,47,62,63,59
625,64,93,53,64,70,88,52,72,85,49,57,50,71,46,99,78,61,49,93
626,89,74,83,48,84,80,46,50,86,50,44,114,61,55,93,61,48,52,65
627,90,50,75,71,77,48,56,84,65,103,82,85,55,70,68,94,69,84,80
628,66,108,45,89,53,65,47,43,86,95,101,59,87,54,54,50,80,41,67
629,97,53,69,53,47,60,66,45,53,80,51,58,64,78,49,65,60,63,91
630,90,48,73,45,83,104,41,47,77,80,41,93,54,66,113,45,44,51,58
631,67,106,82,116,56,41,68,70,84,45,67,61,47,85,94,53,63,95,82
632,50,70,45,45,115,64,57,46,48,51,59,52,60,100,103,68,118,54,98
633,61,51,80,84,82,57,97,61,63,78,59,45,47,104,52,75,53,44,104
634,47,56,77,53,91,93,92,65,65,63,43,102,74,79,54,61,87,65,75
635,76,72,118,106,61,45,60,78,95,83,49,69,77,73,81,50,56,78,51
636,56,55,87,55,83,49,70,106,49,118,62,73,45,47,42,110,41,64,56
637,106,50,59,47,104,44,50,59,40,44,53,51,54,55,68,47,62,49,55
638,50,90,72,116,40,98,102,71,59,77,79,58,60,62,89,107,106,65,41
639,97,79,108,101,78,89,95,52,106,109,53,91,73,95,65,68,51,67,112
640,75,61,68,42,112,116,41,62,45,46,52,69,104,105,46,56,56,42,67
641,61,51,51,49,55,98,54,46,78,63,52,96,61,45,55,93,45,85,75
642,40,52,95,60,51,45,44,59,109,56,60,47,64,88,54,54,57,61,53
643,110,49,94,88,41,70,59,113,85,52,75,44,58,61,64,47,43,111,118
644,78,43,79,46,89,42,89,65,82,52,74,51,84,41,67,85,74,44,53
645,67,74,62,44,104,98,74,46,43,47,44,114,109,46,44,74,84,72,69
646,107,69,50,53,48,108,93,40,46,97,88,110,48,117,66,42,42,67,49
647,60,66,56,45,46,81,54,56,54,101,80,84,58,88,75,54,50,45,79
648,71,70,53,58,76,54,66,40,52,97,40,65,65,70,55,104,44,69,59
649,74,113,62,56,44,106,46,45,69,100,107,111,54,83,88,85,42,80,51
650,41,50,75,60,47,58,81,65,77,93,67,49,112,52,65,79,45,40,94
651,82,73,55,47,48,65,56,72,78,63,106,96,64,42,40,48,72,81,40
652,66,98,48,48,76,54,118,94,51,98,52,64,90,75,45,64,67,63,63
653,64,59,70,67,52,109,41,51,75,79,81,57,77,48,57,51,98,78,58
654,63,72,45,76,59,97,81,80,64,50,98,53,100,44,76,81,75,48,55
655,97,105,53,66,44,49,64,78,70,73,43,53,65,75,51,58,41,40,40
656,44,69,98,45,89,43,57,84,44,59,49,51,49,73,76,55,44,103,45
657,45,73,73,63,67,48,84,64,95,107,114,51,57,74,56,55,50,46,80
658,68,106,60,60,73,59,55,67,113,40,47,80,100,53,77,87,40,120,75
659,59,70,58,104,71,49,44,64,110,75,75,87,104,45,85,58,44,46,65
660,48,113,48,48,81,102,102,42,68,45,75,77,73,49,114,52,76,52,70
661,94,84,82,45,116,64,107,92,92,52,79,60,48,86,62,88,88,55,40
662,95,44,48,119,56,76,58,50,95,65,70,74,104,42,41,61,65,92,93
663,65,120,73,59,57,94,87,72,93,50,82,99,51,65,63,46,76,47,59
664,54,46,60,40,78,94,44,63,44,78,94,60,84,51,87,59,108,50,59
665,55,50,40,75,44,60,86,46,71,82,118,63,41,63,42,120,71,42,80
666,103,45,86,62,48,51,75,54,84,72,73,95,49,97,86,77,60,74,96
667,42,81,69,43,40,60,77,47,59,63,53,80,108,63,63,102,71,41,57
668,88,86,71,89,50,65,99,65,57,46,52,60,41,80,54,65,45,57,113
669,112,68,49,80,88,83,79,52,59,45,59,54,44,90,53,70,54,60,102
670,94,87,117,49,97,81,49,44,75,67,71,45,70,86,72,113,82,50,46
671,112,52,80,43,101,60,108,49,61,102,62,96,52,48,58,44,50,69,91
672,43,66,49,114,79,45,75,54,88,55,45,43,79,111,58,49,45,50,60
673,73,106,106,43,79,82,65,45,88,40,68,43,55,45,91,113,101,48,91
674,50,92,60,50,52,58,68,77,53,41,60,45,59,48,85,49,50,61,46
675,95,69,54,56,71,69,67,119,56,110,46,65,86,76,62,59,52,69,61
676,87,103,53,44,104,57,55,71,96,76,104,114,80,55,57,86,43,72,61
677,82,59,49,89,110,44,49,40,93,49,72,112,58,78,88,88,88,58,93
678,69,113,109,94,41,99,66,70,45,56,65,88,47,44,66,96,65,82,52
679,69,97,51,48,68,114,66,97,54,43,62,64,89,93,77,65,81,95,41
680,64,72,72,47,43,43,60,62,76,46,48,44,49,75,58,87,51,108,78
681,46,64,56,109,50,56,59,61,80,95,56,95,55,50,76,51,96,76,40
682,88,57,101,67,83,84,116,50,48,42,102,50,82,85,111,67,83,85,90
683,66,67,68,107,67,67,56,53,66,55,83,85,69,82,76,98,71,61,96
684,54,55,69,41,41,63,52,57,41,86,63,56,65,71,46,85,44,96,42
685,82,58,101,84,49,80,42,104,74,54,80,84,48,50,89,108,50,69,112
686,110,76,66,71,55,42,84,57,91,112,71,51,75,44,82,64,103,61,52
687,109,79,68,113,40,70,65,41,85,53,77,41,118,59,54,96,76,48,88
688,96,43,92,80,62,92,68,40,42,53,113,65,46,75,86,46,78,41,40
689,112,105,45,46,76,56,88,77,53,48,52,55,95,79,56,64,103,78,86
690,67,55,88,80,57,72,61,77,94,75,64,48,79,44,42,81,61,63,89
691,66,59,82,71,80,41,104,91,73,67,58,97,78,58,107,78,66,58,71
692,45,81,83,67,62,86,86,52,79,52,43,91,91,65,104,43,74,64,90
693,85,53,61,48,50,52,82,91,55,105,51,44,47,63,78,62,43,49,47
694,55,77,49,40,102,77,54,79,49,60,57,43,73,75,62,70,66,54,45
695,98,84,46,49,57,58,48,43,55,56,91,71,45,99,62,42,87,49,81
696,80,65,109,67,41,102,76,61,50,58,111,43,96,51,69,101,40,40,81
697,57,71,71,44,40,73,58,74,66,58,108,54,62,67,104,61,119,69,60
698,46,90,52,52,52,106,82,108,60,40,77,118,72,101,82,59,74,60,92
699,80,49,114,97,66,54,43,84,106,54,48,44,84,50,59,61,85,96,55
700,66,71,54,68,115,92,83,61,73,56,106,76,65,70,40,75,70,55,43
701,42,47,53,60,65,67,65,94,83,58,105,48,48,69,76,76,63,101,48
702,84,46,42,78,74,56,88,53,55,93,59,40,66,86,79,44,41,78,58
703,68,84,92,99,69,77,117,80,56,107,106,110,55,73,61,48,96,56,44
704,100,109,66,93,56,96,78,81,60,45,76,89,68,70,64,57,90,77,86
705,44,43,58,92,61,98,74,69,44,66,92,79,86,67,67,50,114,90,105
706,68,65,47,55,53,56,103,68,64,50,95,111,116,83,53,44,85,61,62
707,42,50,45,92,67,43,63,63,43,69,88,54,107,41,63,89,45,43,86
708,77,119,67,64,68,87,90,55,89,93,62,53,46,54,116,112,40,57,60
709,70,52,87,59,101,51,52,120,80,63,93,91,41,80,57,119,91,87,94
710,104,61,51,59,51,40,89,97,117,55,82,91,73,44,48,52,40,43,74
711,68,66,56,85,42,72,54,91,70,91,65,71,83,74,61,83,42,81,81
712,55,103,80,66,42,77,43,73,120,57,50,57,90,51,48,46,83,70,69
713,94,88,58,95,47,59,77,45,50,51,50,109,68,93,59,55,40,120,49
714,43,49,79,77,45,40,61,48,97,61,81,83,99,46,85,61,65,51,44
715,94,107,69,42,84,44,90,86,54,45,50,49,59,58,82,51,70,63,50
716,63,61,53,46,42,63,96,66,71,41,69,65,56,42,84,47,51,51,62
717,61,43,111,72,41,81,64,98,71,62,49,42,66,46,69,60,111,51,114
718,93,74,92,116,76,69,51,50,85,51,101,67,56,97,80,55,65,99,56
719,43,49,64,72,118,79,62,43,49,43,58,47,47,63,100,68,43,71,81
720,54,82,47,94,50,51,70,57,103,46,79,62,40,44,44,63,87,40,56
721,88,66,55,71,74,54,41,53,68,44,40,54,50,67,59,69,97,70,64
722,69,108,118,52,58,72,97,40,55,57,40,68,80,64,61,75,52,90,67
723,108,46,60,85,109,53,46,40,76,44,61,92,76,53,55,59,46,73,40
724,44,79,44,44,46,103,80,53,97,66,67,93,47,88,89,70,74,78,97
725,110,120,69,69,52,41,78,69,48,68,49,73,53,60,55,86,63,64,70
726,68,67,78,107,71,43,65,47,49,92,41,77,63,64,85,57,51,50,90
727,88,96,88,47,91,92,74,44,62,66,43,45,43,65,85,71,87,77,59
728,60,69,66,57,70,62,94,43,58,46,68,44,80,45,64,89,47,92,90
729,43,109,62,72,54,45,101,110,78,66,114,80,69,83,44,55,77,100,48
730,58,68,50,74,100,56,64,46,44,78,92,51,40,53,43,60,98,73,93
731,58,41,41,79,55,111,108,40,57,104,63,103,42,68,107,62,115,58,80
732,60,51,84,105,80,111,102,77,63,88,86,50,93,58,47,47,85,66,67
733,76,62,71,78,57,102,48,49,61,51,103,90,47,40,55,49,64,42,72
734,88,48,52,105,60,68,77,74,48,110,66,85,50,66,71,76,63,44,82
735,78,47,91,63,102,71,53,40,61,67,41,59,47,57,56,46,50,114,45
736,45,42,87,48,86,40,45,44,59,74,108,90,55,103,50,71,73,69,56
737,93,41,48,81,43,42,46,84,42,70,83,104,119,60,49,83,84,66,50
738,119,61,77,62,81,76,94,67,59,107,71,71,53,119,53,84,71,61,47
739,53,97,65,71,69,58,89,81,40,69,75,58,71,79,99,55,52,71,63
740,115,75,64,67,67,81,63,83,53,104,64,56,66,84,60,70,53,54,59
741,46,108,98,74,93,73,116,44,58,59,58,45,118,42,119,45,97,98,47
742,98,47,42,59,59,40,40,44,44,110,66,62,71,105,117,62,55,74,46
743,95,73,78,74,64,57,102,97,92,83,79,52,109,90,75,51,43,80,49
744,52,54,43,83,47,86,47,46,68,62,82,116,49,64,51,68,67,58,47
745,91,45,57,44,76,101,45,41,54,102,47,49,93,115,55,40,92,50,82
746,44,62,87,59,81,74,96,57,105,96,70,40,84,54,40,73,41,82,48
747,108,58,42,48,66,83,55,52,114,71,54,74,67,72,53,42,43,40,76
748,67,85,72,73,45,60,74,107,60,41,45,47,72,44,109,113,45,53,61
749,81,69,86,94,44,76,45,114,110,58,109,63,55,46,56,41,47,58,64
750,55,55,116,86,41,75,55,91,55,75,75,80,62,49,65,81,110,74,99
751,52,71,103,51,86,60,75,92,61,83,44,56,56,43,46,110,54,57,65
752,45,107,43,45,67,48,64,82,100,47,52,76,70,117,56,67,40,94,46
753,76,93,43,41,74,71,92,57,70,62,84,43,41,82,44,45,81,64,40
754,93,75,72,92,69,49,94,44,107,61,98,86,58,70,89,74,92,47,49
755,103,69,58,62,63,104,53,97,90,66,81,47,89,55,54,75,47,62,65
756,107,82,41,75,63,103,46,80,63,56,51,73,57,77,56,67,75,49,120
757,78,84,94,90,57,92,51,41,70,73,49,46,116,52,74,45,91,65,92
758,57,104,91,41,60,64,54,63,60,88,73,53,60,56,64,47,49,57,48
759,75,53,72,73,70,119,49,84,96,40,86,117,115,94,55,63,70,75,50
760,52,46,115,73,59,79,111,96,44,119,67,57,116,90,46,108,69,50,59
761,99,79,57,53,68,53,108,47,68,43,83,90,56,71,60,44,81,48,99
762,83,92,64,80,57,43,43,53,58,58,60,65,48,55,77,45,102,40,82
763,102,40,89,89,74,55,57,70,69,42,55,80,80,53,86,88,92,69,116
764,54,79,45,92,101,80,105,68,93,70,43,70,51,80,54,42,40,120,45
765,58,81,44,68,49,41,82,41,96,81,115,91,52,56,86,58,75,57,50
766,55,94,70,61,67,75,73,71,117,40,42,60,117,84,71,103,65,78,82
767,116,43,93,87,84,52,60,85,78,55,118,56,119,49,45,53,52,119,73
768,120,91,81,111,85,68,53,98,44,48,73,68,40,48,53,91,105,62,45
769,105,60,40,58,44,105,46,107,79,44,40,100,70,68,43,48,56,50,76
770,63,86,75,53,71,88,73,58,52,61,53,108,51,53,84,53,84,59,63
771,45,56,54,45,67,62,68,65,86,82,44,44,54,56,72,78,40,114,72
772,87,67,46,95,56,61,65,103,45,71,42,55,87,47,40,53,87,64,89
773,93,112,66,57,57,48,86,107,87,66,62,71,44,42,101,58,56,72,102
774,66,63,44,44,72,59,66,63,89,40,99,44,94,95,67,62,105,76,42
775,78,68,70,82,50,53,43,97,60,70,44,99,46,48,59,87,42,70,62
776,54,93,87,117,55,67,57,41,48,48,76,77,109,47,91,92,58,63,69
777,85,55,46,91,63,68,81,91,78,51,52,74,45,67,76,52,85,104,54
778,51,85,50,83,77,52,52,40,70,106,83,88,67,41,54,52,41,96,47
779,105,76,110,79,66,57,73,49,79,100,52,61,103,76,77,55,113,40,96
780,79,105,104,48,88,44,97,56,115,77,81,107,45,45,73,63,72,54,47
781,43,40,70,75,98,40,69,55,54,54,90,60,70,76,66,46,101,109,74
782,74,57,56,46,104,60,41,52,96,45,51,81,64,85,69,90,50,85,62
783,103,74,51,85,40,57,73,57,120,82,69,53,42,45,46,111,51,102,89
784,68,44,93,56,97,49,46,49,56,74,74,52,72,53,65,80,80,56,45
785,98,120,49,89,48,75,53,84,46,119,42,119,61,53,116,70,112,117,73
786,42,68,72,56,46,51,48,64,104,107,42,52,100,46,71,94,43,58,75
787,64,75,60,62,84,45,105,46,61,59,47,77,43,83,71,52,40,63,111
788,66,87,109,51,64,75,75,69,51,90,43,40,45,44,69,42,50,60,59
789,91,90,75,87,41,89,86,105,60,98,90,111,90,44,94,90,70,101,58
790,48,40,46,57,85,88,60,66,105,85,47,58,46,70,96,43,52,43,44
791,116,75,44,44,60,78,61,114,52,78,91,99,54,80,53,61,102,60,85
792,55,46,67,113,71,70,64,52,59,42,74,90,64,84,87,48,86,51,84
793,67,80,114,41,43,54,91,64,66,80,55,112,76,88,42,96,67,60,63
794,104,44,51,74,57,94,71,77,95,100,105,68,60,43,109,51,96,65,66
795,87,63,75,41,112,42,112,56,68,50,64,45,59,84,49,46,64,54,57
796,70,70,109,81,45,60,114,54,41,66,58,68,40,60,88,75,62,44,102
797,71,49,105,41,69,78,112,86,40,74,57,88,56,43,63,56,87,49,72
798,43,86,70,79,86,64,52,64,111,55,72,53,68,112,56,51,67,57,82
799,50,74,103,54,53,98,41,75,88,53,41,53,63,42,52,61,40,61,64
800,80,58,56,76,91,58,59,69,50,60,42,41,69,90,87,41,59,42,60
801,53,85,52,56,45,57,76,119,63,70,51,52,90,52,74,81,78,115,62
802,62,46,53,104,84,40,42,64,48,51,66,49,52,74,61,60,53,120,41
803,53,93,78,41,50,94,45,110,91,92,68,90,40,84,118,43,70,81,54
804,56,58,55,42,81,103,117,53,47,56,98,60,80,53,86,64,55,50,46
805,45,43,49,111,69,89,108,75,49,113,43,102,74,41,44,76,59,57,53
806,61,86,60,74,61,71,92,75,95,48,85,65,44,52,112,44,75,86,57
807,72,41,67,87,87,88,94,58,40,54,83,99,49,93,51,58,46,94,98
808,99,63,55,67,51,72,94,71,66,63,96,52,40,45,46,85,76,67,45
809,58,77,92,64,47,98,104,55,101,78,97,72,47,58,48,40,59,48,81
810,83,41,79,57,84,78,50,82,62,59,72,59,59,72,61,110,58,53,41
811,99,59,85,56,66,49,109,113,58,98,69,91,53,117,119,108,101,84,83
812,60,78,60,104,95,41,67,87,66,83,103,59,65,56,74,75,69,107,98
813,44,75,45,43,78,82,55,82,58,51,49,48,40,117,42,84,87,40,98
814,106,53,63,61,42,94,103,79,116,73,81,103,41,51,107,91,69,56,71
815,40,68,52,98,56,96,48,97,42,44,52,42,73,43,43,56,85,51,102
816,63,75,44,64,80,100,62,90,67,56,42,69,53,58,40,53,102,44,65
817,72,42,63,40,40,85,81,118,117,46,59,44,84,104,43,60,57,68,55
818,54,55,99,43,80,56,58,61,50,59,84,49,81,45,59,44,69,54,65
819,56,41,55,42,79,116,48,40,62,42,56,66,40,74,82,63,61,69,65
820,43,50,65,51,86,89,65,64,67,65,68,58,52,70,48,62,40,66,85
821,104,70,63,87,75,43,49,66,60,45,52,51,70,62,78,45,60,46,72
822,114,96,68,51,51,113,53,43,70,58,63,112,108,58,42,43,76,40,44
823,56,89,54,73,96,71,44,41,62,100,119,84,55,93,65,95,82,76,80
824,64,84,45,45,103,61,73,75,108,53,64,95,81,43,94,67,73,59,97
825,67,56,70,56,64,51,66,108,99,74,65,83,100,69,60,65,114,60,54
826,44,107,62,55,59,51,58,48,67,70,80,53,58,50,60,59,48,48,59
827,41,64,85,82,43,46,40,44,64,44,86,101,69,84,40,97,40,53,65
828,68,49,48,61,70,91,116,40,42,61,50,48,62,113,69,67,46,54,62
829,63,58,83,82,75,73,55,81,81,77,84,97,72,60,58,61,63,67,66
830,60,48,45,60,62,78,45,41,78,57,84,90,97,87,89,89,79,69,73
831,59,60,59,75,61,48,95,87,68,57,45,75,82,58,82,44,49,89,53
832,111,96,64,54,42,81,100,84,52,48,75,75,83,91,43,60,50,76,72
833,95,47,83,47,62,94,107,71,58,112,50,96,84,52,58,86,75,67,56
834,65,61,62,71,85,79,52,58,74,50,66,44,48,52,65,92,43,104,94
835,50,76,56,77,92,107,60,40,75,40,106,102,58,63,95,60,56,45,51
836,48,88,82,98,57,90,78,74,48,59,77,91,65,95,82,74,66,57,40
837,102,58,57,53,79,56,84,50,65,113,52,85,78,50,42,85,85,76,49
838,58,48,82,85,106,62,76,67,74,77,72,58,48,106,81,75,60,48,69
839,43,52,104,72,89,73,46,73,57,54,46,48,93,59,74,45,87,40,96
840,56,49,83,51,47,45,90,49,49,53,46,53,51,100,41,44,119,112,58
841,55,68,50,44,71,63,80,94,89,44,40,88,47,56,40,45,66,66,54
842,81,50,55,72,100,69,87,47,118,61,75,44,76,77,40,57,102,116,40
843,84,52,66,61,97,48,113,97,95,49,63,76,120,58,45,103,61,50,55
844,45,54,40,108,90,73,41,50,94,56,91,71,116,60,101,71,42,113,44
845,100,78,65,58,119,43,102,83,88,80,102,81,65,61,43,60,45,44,102
846,49,65,77,93,87,48,91,63,97,78,85,81,62,64,84,49,43,87,49
847,117,103,118,69,97,44,116,90,91,87,66,72,96,86,43,94,42,55,73
848,52,50,48,97,47,118,94,53,76,109,97,55,42,64,82,72,67,47,45
849,78,102,76,117,104,74,85,53,81,102,93,91,42,64,76,86,100,91,64
850,67,58,101,43,113,104,40,85,117,57,40,106,62,42,64,50,115,85,55
851,98,53,41,44,59,63,41,61,72,45,83,100,96,109,81,43,52,62,107
852,70,62,52,106,46,87,58,51,56,44,45,48,56,115,67,55,66,102,41
853,87,40,58,42,50,45,47,54,92,107,55,77,48,41,40,71,93,104,93
854,65,93,78,116,79,69,54,67,110,105,75,41,94,52,108,75,113,60,98
855,74,42,80,64,50,94,52,83,43,63,92,52,44,100,45,63,79,66,108
856,55,72,44,70,55,44,62,52,64,72,46,41,97,54,84,80,52,46,65
857,85,99,52,81,43,83,63,52,56,81,97,54,75,56,55,48,82,62,62
858,106,40,62,88,58,40,68,80,100,83,83,46,53,74,56,112,81,44,51
859,41,69,45,78,82,48,47,50,53,102,67,56,59,49,46,44,70,55,49
860,62,89,52,69,67,62,95,53,103,90,65,78,50,100,42,71,94,50,53
861,93,56,112,66,56,48,41,54,53,45,103,41,74,40,97,59,43,68,48
862,40,51,47,40,105,79,112,71,67,97,71,117,94,61,111,93,64,117,41
863,61,71,58,111,50,96,82,99,95,79,85,113,83,68,118,46,68,76,87
864,85,51,57,117,79,79,64,103,57,49,87,76,47,46,99,41,46,53,44
865,68,59,67,77,66,93,63,47,58,68,88,44,62,77,63,81,55,82,105
866,82,48,86,54,62,102,58,80,66,63,67,64,50,75,81,82,67,55,44
867,57,63,51,66,107,112,50,43,59,111,40,104,48,46,48,82,85,62,78
868,54,78,81,113,67,115,66,84,64,61,58,58,45,70,95,44,51,86,48
869,46,47,115,87,57,49,119,56,51,45,60,56,62,69,67,66,75,54,57
870,67,50,47,86,53,47,55,114,49,58,80,74,58,92,69,83,47,65,65
871,99,115,75,50,80,83,77,52,64,50,69,114,43,56,62,40,51,40,65
872,51,82,109,97,92,55,44,66,41,111,87,80,64,51,88,78,62,75,59
873,41,110,87,60,120,94,65,112,40,67,41,96,42,59,90,48,57,94,95
874,74,119,57,64,59,48,45,46,58,60,114,41,45,55,58,92,69,97,59
875,116,52,93,94,44,76,52,91,49,57,62,100,55,48,43,55,54,101,74
876,40,43,51,71,40,101,46,41,43,42,97,83,89,41,55,78,66,49,44
877,104,118,96,45,51,85,77,96,103,57,81,106,74,52,90,53,49,87,117
878,54,78,73,45,51,74,50,44,47,45,118,48,46,62,105,93,81,65,77
879,110,79,99,43,52,80,89,101,90,89,93,68,119,56,62,64,94,113,49
880,80,41,82,104,64,103,76,45,94,106,69,85,86,65,44,86,66,65,97
881,74,61,114,40,71,76,52,67,78,104,64,85,61,52,76,43,40,41,73
882,68,59,50,111,53,65,106,48,73,48,50,117,61,72,89,42,54,51,91
883,83,45,90,69,103,66,64,65,45,73,47,49,70,59,76,110,47,58,49
884,99,49,91,60,110,111,45,68,61,89,53,64,55,77,85,100,53,97,42
885,68,78,65,62,79,117,82,83,115,106,40,41,53,58,45,42,50,90,54
886,107,120,41,60,77,46,57,85,59,50,67,92,63,54,51,42,118,57,59
887,77,78,48,50,42,49,65,100,40,41,95,102,64,73,53,59,75,58,51
888,109,80,59,49,72,56,44,105,57,74,74,57,42,43,44,58,53,57,67
889,72,94,63,69,43,54,73,91,44,77,86,63,47,71,69,68,69,81,65
890,60,63,95,59,83,46,50,56,64,89,90,70,91,54,45,44,115,56,66
891,60,72,44,64,78,51,74,110,65,53,67,53,54,59,51,46,112,69,45
892,85,89,63,56,91,81,43,105,101,66,50,45,46,45,52,43,62,51,81
893,50,101,88,118,70,60,59,88,71,89,54,72,58,86,105,94,84,114,73
894,80,46,62,43,65,105,44,46,46,82,79,48,61,46,46,40,62,48,49
895,56,56,102,74,88,91,86,109,115,66,52,40,51,51,113,49,89,91,41
896,53,83,91,95,76,41,52,86,89,76,62,48,82,67,44,76,98,76,52
897,58,46,59,43,79,54,44,63,41,73,58,46,46,40,40,86,56,68,83
898,95,66,70,82,107,51,98,77,42,46,50,41,100,60,110,71,62,65,109
899,56,64,40,72,105,44,108,109,72,61,52,41,113,74,51,41,102,46,56
900,53,46,81,40,45,70,91,86,90,40,53,64,65,86,58,83,62,44,81
901,46,80,66,49,86,56,114,84,101,85,50,116,89,119,56,55,65,62,70
902,69,41,66,70,42,65,46,56,41,74,88,59,43,43,102,92,68,53,118
903,53,65,66,67,40,78,83,50,92,69,62,46,46,79,61,89,47,41,55
904,66,89,45,64,62,45,119,96,62,58,75,66,79,90,42,108,59,66,83
905,49,43,43,59,120,63,68,63,44,50,67,86,89,49,40,86,108,97,85
906,115,54,79,115,105,115,98,110,46,53,43,42,66,78,74,72,47,69,109
907,43,41,81,83,72,46,64,70,58,76,55,49,44,119,44,78,71,68,80
908,42,75,64,41,88,47,50,107,40,60,94,56,93,62,116,67,76,65,97
909,53,86,55,117,59,72,99,40,52,81,113,51,66,73,64,57,84,80,48
910,40,83,49,65,106,68,107,52,43,57,46,67,84,64,110,53,82,65,64
911,53,113,75,66,43,98,52,85,59,55,53,54,54,53,88,104,48,42,100
912,90,75,53,106,61,105,42,48,77,82,86,65,54,83,95,41,67,74,61
913,92,75,40,53,62,97,50,70,46,60,43,50,77,64,58,71,94,59,42
914,47,107,96,52,60,66,92,107,72,48,80,42,73,72,112,41,96,41,63
915,49,84,81,111,49,83,111,46,76,79,60,59,64,41,47,60,81,82,60
916,74,49,42,54,68,63,92,50,45,45,96,71,112,80,89,114,84,58,43
917,75,79,48,48,59,56,77,48,79,93,103,61,69,76,50,107,109,55,42
918,96,63,95,43,62,53,57,50,119,91,111,63,59,49,55,62,109,75,42
919,45,63,99,80,88,62,53,47,68,119,69,82,42,62,48,97,93,101,62
920,65,51,105,70,86,59,43,85,77,82,89,45,41,77,43,113,54,54,99
921,40,91,101,64,63,50,48,84,82,65,71,66,81,64,74,66,59,67,60
922,60,74,65,64,67,47,50,93,79,115,82,117,81,72,48,77,87,119,40
923,116,52,42,81,40,120,43,43,58,60,47,71,43,43,115,114,58,48,47
924,60,41,71,63,104,74,91,48,87,86,62,53,61,47,109,44,43,40,58
925,100,60,70,72,56,58,68,64,84,120,96,105,56,90,72,55,49,65,115
926,93,57,88,63,110,43,42,56,100,54,104,50,110,77,40,71,59,48,83
927,113,55,73,40,87,58,47,40,91,45,85,59,93,107,81,41,51,48,43
928,62,96,110,55,42,51,57,53,63,60,54,66,52,70,46,62,86,41,62
929,105,97,74,40,103,53,81,65,115,73,74,64,42,41,76,51,47,74,57
930,43,48,48,98,119,58,107,40,65,71,43,71,45,40,59,43,70,95,42
931,43,61,58,116,48,74,70,69,60,44,40,62,70,67,72,93,43,42,77
932,71,50,89,82,97,76,46,78,54,63,55,43,43,44,52,91,117,50,74
933,52,115,40,109,72,87,65,63,82,42,76,56,105,60,61,40,45,48,110
934,62,69,84,113,115,56,98,107,66,74,71,65,43,80,109,50,47,40,49
935,67,41,59,74,119,85,89,69,61,46,53,76,52,99,45,66,58,102,58
936,45,57,103,62,98,70,46,91,53,52,55,46,54,63,77,47,103,78,52
937,45,99,46,94,86,95,85,75,62,67,67,57,75,41,61,50,100,43,104
938,85,51,84,41,49,76,46,92,67,55,66,53,70,61,77,75,53,76,85
939,78,66,44,102,52,104,88,103,54,75,71,62,40,43,52,109,112,73,92
940,42,89,94,72,47,45,84,44,53,52,53,97,83,59,50,58,46,49,43
941,100,64,66,54,40,75,44,60,53,118,52,71,50,46,93,51,59,101,75
942,56,111,70,94,111,51,78,61,68,42,66,65,74,42,88,61,89,69,90
943,56,59,50,52,44,54,43,46,63,69,53,69,85,47,58,49,77,47,62
944,72,49,74,95,106,91,56,80,78,42,41,110,47,80,60,92,57,79,42
945,82,49,54,98,113,112,63,57,53,60,81,44,45,68,51,97,104,58,48
946,43,40,74,56,73,72,79,114,67,70,59,80,66,92,76,72,48,50,57
947,72,73,103,63,71,60,45,59,55,82,41,101,50,110,42,66,46,65,56
948,91,49,69,84,55,44,86,48,62,54,86,100,51,100,64,42,67,61,46
949,78,41,50,45,90,107,52,48,66,64,61,53,76,67,47,40,85,51,47
950,68,48,54,78,109,64,41,95,68,54,63,43,111,92,56,44,58,63,93
951,93,89,93,52,78,85,106,89,75,69,104,110,114,52,43,57,109,73,74
952,43,63,77,45,75,65,45,94,112,52,48,56,75,69,90,48,64,46,59
953,54,92,69,86,57,117,42,85,81,56,51,40,114,92,79,49,41,58,103
954,113,86,87,91,90,49,49,49,59,70,117,79,57,70,65,59,41,52,87
955,95,97,60,65,103,94,42,63,52,61,60,84,46,47,64,47,68,52,96
956,99,40,72,59,89,111,50,59,115,94,111,70,66,50,53,75,55,72,83
957,40,71,78,107,101,53,93,41,46,81,55,51,88,51,48,89,107,57,56
958,48,67,64,64,79,62,65,52,107,42,72,75,50,73,40,92,45,40,46
959,70,92,69,54,58,99,46,81,46,102,78,83,81,41,87,88,67,48,52
960,101,66,67,84,58,50,51,59,61,70,48,64,46,113,52,64,69,108,66
961,45,94,61,92,44,87,87,61,84,60,55,82,56,77,92,95,56,54,84
962,53,59,104,44,109,63,79,42,60,65,76,60,45,119,92,70,95,79,51
963,86,42,116,74,55,53,67,68,53,81,40,61,109,62,95,54,40,41,41
964,104,49,58,52,45,93,47,66,89,53,50,50,79,40,73,89,43,95,48
965,95,50,51,55,53,57,50,83,46,80,49,60,80,75,75,115,47,88,112
966,78,94,61,86,45,58,84,40,81,41,96,119,84,44,58,67,53,111,62
967,54,66,103,73,70,60,46,54,45,104,49,77,57,100,77,66,87,94,44
968,41,44,44,54,110,111,51,62,49,120,81,95,116,67,53,50,60,106,64
969,81,65,48,68,61,69,53,104,50,42,74,108,90,59,77,52,112,50,67
970,56,74,101,59,72,83,47,77,94,80,59,40,49,112,44,57,85,45,83
971,62,46,49,50,91,57,48,66,87,51,67,102,58,56,74,111,73,47,42
972,92,87,89,76,72,47,60,50,67,106,93,43,41,62,59,73,46,103,94
973,45,70,84,56,50,85,56,69,54,105,44,48,51,42,48,44,42,82,86
974,110,69,48,87,40,61,59,56,56,67,85,45,71,47,93,53,56,51,92
975,70,82,43,45,73,79,60,111,68,68,63,99,42,44,106,45,80,77,79
976,102,86,114,67,90,59,84,89,49,82,55,47,47,65,79,77,81,41,94
977,77,51,80,40,50,54,56,110,56,62,102,61,82,120,65,76,78,71,47
978,50,84,69,63,94,61,85,93,78,85,44,57,83,62,43,59,82,56,69
979,62,65,75,52,46,73,69,44,73,69,94,71,84,64,45,112,66,40,62
980,70,56,86,86,86,98,91,81,87,43,97,57,73,97,40,100,115,57,84
981,88,62,119,97,52,108,89,72,65,41,81,100,42,108,48,57,78,82,41
982,97,60,88,84,53,40,92,98,108,100,86,57,81,45,88,57,70,60,92
983,71,89,90,41,80,47,83,42,49,69,61,80,74,48,85,43,51,87,72
984,41,42,44,91,67,75,92,42,67,84,88,61,97,79,68,46,40,91,110
985,48,72,42,59,51,83,98,46,56,64,49,55,52,79,42,83,59,46,82
986,66,106,52,49,50,52,104,103,47,80,54,84,47,63,119,43,76,67,42
987,43,72,41,51,111,53,117,55,98,89,81,63,96,40,58,97,42,49,50
988,63,91,103,96,48,45,44,60,41,49,70,57,46,40,67,49,79,76,61
989,53,120,73,40,44,76,59,62,115,58,40,48,60,94,72,47,72,50,98
990,61,79,59,43,41,74,48,77,54,44,63,53,51,98,106,60,111,42,63
991,74,106,68,77,76,47,47,53,105,44,75,67,57,46,85,40,88,53,57
992,75,68,92,49,71,99,91,77,54,117,83,80,43,76,76,44,65,51,117
993,109,46,86,87,50,40,103,56,82,84,66,52,60,44,47,48,94,76,44
994,77,83,83,75,64,74,44,108,54,78,62,54,67,54,59,74,72,44,44
995,58,40,47,76,61,61,60,42,43,80,81,95,53,48,76,73,69,53,63
996,94,87,92,61,54,106,78,45,56,102,81,101,68,69,47,81,101,49,66
997,62,64,40,61,120,42,83,69,57,102,64,57,55,43,98,43,109,97,62
998,43,110,61,51,71,68,68,45,50,63,70,77,44,70,89,49,45,85,63
999,48,44,82,68,100,56,84,73,114,72,55,81,40,61,40,75,104,44,51
1000,52,56,61,62,59,43,44,45,62,55,95,46,65,72,70,103,41,99,63
1001,48,67,52,60,80,77,43,47,99,64,66,57,72,79,47,42,88,98,48
1002,63,58,56,67,44,58,66,93,81,44,49,48,71,41,48,40,42,42,72
1003,61,82,57,49,79,43,53,52,62,55,40,100,106,81,76,117,101,81,85
1004,73,40,51,47,53,52,82,66,68,71,84,91,60,62,62,54,54,60,65
1005,41,83,57,43,68,57,65,49,48,69,59,41,80,59,95,74,67,70,105
1006,64,44,43,48,43,119,54,41,77,73,77,75,82,74,51,99,88,59,43
1007,57,57,65,45,83,43,85,96,62,64,43,55,43,90,98,111,81,53,76
1008,58,86,112,85,78,45,41,43,43,59,64,70,92,58,59,61,103,54,72
1009,86,50,52,49,90,66,55,112,87,53,107,96,43,63,45,46,50,93,63
1010,46,51,44,47,112,79,52,42,58,91,46,109,93,64,70,67,85,120,56
1011,43,66,59,106,102,40,74,78,51,42,76,59,49,50,66,53,118,94,67
1012,66,68,44,68,57,52,71,49,63,73,84,85,52,45,113,43,75,80,110
1013,83,77,57,65,42,44,71,109,57,61,83,70,48,43,105,99,60,79,59
1014,88,90,103,69,87,58,50,93,86,61,71,59,52,71,76,117,55,40,64
1015,56,59,52,42,105,45,89,49,49,43,49,42,69,97,80,49,106,58,57
1016,72,71,94,59,87,68,78,85,61,45,62,56,41,43,79,116,118,67,96
1017,44,62,90,64,47,57,108,41,93,50,41,110,69,41,88,47,87,56,40
1018,45,67,85,64,69,40,63,46,42,65,84,72,43,45,66,79,48,59,56
1019,47,54,113,88,84,43,44,54,77,73,83,111,82,43,52,53,48,63,44
1020,49,110,48,78,74,81,53,45,43,41,118,107,83,55,104,63,59,83,96
1021,106,40,92,86,43,88,75,58,71,45,51,114,98,52,85,79,114,50,104
1022,100,47,100,81,45,59,61,53,73,108,86,43,81,66,65,44,88,50,85
1023,74,51,108,113,59,63,67,89,75,49,66,88,68,56,93,46,56,110,97
1024,54,112,57,108,83,92,46,42,87,102,44,87,75,40,51,43,40,88,42
1025,86,100,79,119,100,46,75,106,51,65,102,53,105,90,87,103,87,106,78
1026,64,54,101,87,61,101,106,44,103,112,43,96,90,106,48,80,44,59,85
1027,79,62,92,43,104,79,81,68,64,65,75,41,47,50,46,69,89,106,46
1028,100,96,70,68,42,44,54,46,83,101,47,71,51,45,85,60,62,67,75
1029,76,40,45,107,49,47,67,79,76,71,59,68,47,92,72,40,49,53,78
1030,46,71,114,75,84,51,90,46,68,76,68,57,79,55,113,78,105,101,46
1031,46,88,59,78,65,47,48,45,55,60,64,75,40,66,104,84,52,79,58
1032,64,74,83,48,112,71,99,120,108,52,48,108,116,65,76,100,64,60,109
1033,59,63,96,63,62,51,92,41,52,67,73,93,118,41,76,51,102,41,101
1034,50,69,57,91,41,110,93,67,83,76,57,65,49,72,92,68,53,65,66
1035,61,44,111,64,84,46,66,44,59,68,70,111,81,43,55,49,54,48,45
1036,49,49,64,67,89,109,71,60,61,65,72,61,49,74,50,41,69,41,63
1037,117,108,56,46,81,102,48,79,118,110,62,59,81,82,85,95,100,82,66
1038,47,85,41,67,71,55,62,106,75,97,45,75,88,85,54,54,108,48,49
1039,68,53,78,63,71,54,51,40,117,60,47,83,61,89,84,46,68,83,51
1040,89,58,48,101,66,115,85,91,60,41,94,56,69,64,44,108,40,92,72
1041,101,53,75,53,93,76,72,55,92,112,76,56,99,42,83,86,80,41,63
1042,72,63,42,76,91,44,72,109,85,118,46,46,47,89,117,57,41,99,48
1043,90,40,68,79,93,43,86,49,63,53,41,59,85,69,88,116,73,40,118
1044,58,42,48,54,102,76,71,61,97,58,59,41,90,86,66,47,100,88,41
1045,60,71,65,55,46,52,52,55,99,74,84,95,40,84,62,60,84,103,45
1046,107,94,106,81,43,57,71,62,58,114,112,50,69,107,54,54,41,52,47
1047,113,88,73,57,85,75,69,87,119,88,53,120,53,69,82,103,56,109,59
1048,42,62,56,80,58,77,86,46,107,51,43,97,58,75,68,87,53,53,44
1049,80,46,47,118,56,47,53,56,41,56,71,113,49,80,70,82,40,51,114
1050,45,95,55,84,75,80,84,84,69,57,49,53,55,50,75,54,103,74,57
1051,66,49,56,44,99,43,82,65,52,51,42,86,84,94,66,64,108,86,61
1052,114,48,46,78,59,65,98,87,59,65,63,98,49,57,65,68,67,61,78
1053,88,65,94,52,105,64,55,42,57,84,51,51,55,113,49,54,52,102,67
1054,88,41,90,115,56,43,107,54,110,50,86,82,51,80,92,112,109,66,91
1055,93,44,104,60,83,61,52,93,103,44,46,103,57,49,50,43,55,95,107
1056,50,74,70,63,61,79,49,66,52,78,98,62,41,71,42,75,118,50,63
1057,47,113,51,87,96,46,55,71,51,61,77,57,108,69,56,45,64,42,80
1058,52,84,64,56,50,61,66,76,74,116,44,57,78,85,85,50,45,41,73
1059,80,109,75,78,42,98,83,80,87,74,115,46,41,83,52,109,103,84,46
1060,85,94,65,81,64,45,42,52,86,72,49,78,50,41,64,75,41,116,63
1061,51,80,116,53,120,42,46,40,56,44,58,81,118,61,48,62,70,46,51
1062,81,62,48,51,46,69,88,58,57,71,69,48,40,64,78,60,56,68,50
1063,67,101,52,45,44,70,74,44,54,73,46,73,65,41,50,116,44,52,64
1064,63,69,71,75,70,43,40,49,80,68,50,56,61,40,77,92,56,96,40
1065,51,49,107,63,66,62,42,100,46,74,55,53,103,44,54,47,83,70,77
1066,57,52,92,56,62,66,53,60,46,52,43,60,46,45,83,54,52,43,54
1067,54,48,41,70,55,114,71,90,91,51,42,70,59,51,90,99,50,44,108
1068,73,50,43,108,49,43,42,53,82,66,74,104,94,93,117,43,50,58,72
1069,55,82,60,48,105,67,67,109,79,47,87,62,41,59,98,65,89,118,83
1070,42,67,103,56,49,55,50,52,78,49,81,58,58,57,45,70,92,55,43
1071,117,54,64,117,69,83,71,102,53,50,118,58,52,63,92,110,71,40,48
1072,47,118,57,48,44,74,96,55,75,100,104,87,43,73,44,69,110,63,46
1073,98,46,71,90,75,42,56,48,87,118,68,58,66,71,68,42,80,44,60
1074,52,43,69,67,45,89,72,52,117,49,45,90,74,104,59,97,89,51,53
1075,52,43,44,45,58,59,112,74,67,51,44,73,49,53,114,43,62,59,89
1076,43,60,61,76,75,57,71,46,64,85,106,57,50,100,54,97,53,41,86
1077,63,64,42,85,45,46,43,55,67,79,95,92,58,85,53,48,44,85,100
1078,119,67,57,68,41,51,74,73,46,44,110,67,89,41,54,65,59,76,58
1079,116,45,94,78,61,40,73,45,60,40,80,71,45,62,42,82,65,74,96
1080,78,50,42,75,85,41,83,60,95,117,62,87,53,47,53,104,43,42,82
1081,68,115,44,51,68,61,47,40,71,64,60,71,100,106,53,50,103,79,109
1082,79,56,65,53,102,86,110,114,59,103,66,40,93,49,72,53,108,60,46
1083,100,73,64,47,58,58,40,60,46,64,45,99,87,104,40,74,48,90,42
1084,48,80,42,104,85,112,43,66,58,92,55,71,78,58,60,40,41,58,76
1085,68,46,70,41,41,54,74,65,58,47,42,96,103,93,57,57,50,84,45
1086,51,81,110,112,117,46,94,48,63,85,73,50,61,102,108,109,95,57,41
1087,87,48,80,72,70,81,66,65,77,53,69,65,59,68,104,91,77,79,45
1088,53,64,45,85,69,73,42,113,87,44,79,66,48,45,70,59,71,62,60
1089,47,58,40,102,50,40,74,85,59,87,105,79,71,96,48,106,70,80,81
1090,110,68,79,47,114,107,51,66,74,46,45,77,71,47,53,51,61,59,91
1091,55,43,59,85,47,98,97,76,72,47,96,56,59,45,49,65,104,49,77
1092,68,88,72,76,112,85,74,41,101,55,74,59,48,45,69,104,90,54,60
1093,59,77,49,115,90,60,67,91,47,95,64,76,60,91,92,71,40,47,44
1094,69,93,70,105,51,112,96,41,109,48,40,56,95,53,50,96,117,103,96
1095,42,60,72,81,53,63,83,107,103,64,106,59,40,90,44,51,65,100,76
1096,56,45,85,88,62,57,68,54,103,58,86,69,52,77,68,80,66,49,112
1097,74,85,43,73,60,67,91,66,51,82,57,62,47,45,41,97,78,69,95
1098,105,41,116,118,43,40,84,50,43,52,42,48,43,84,50,51,99,60,68
1099,50,69,50,94,72,110,87,87,45,85,101,82,86,50,103,88,78,105,92
1100,45,87,50,68,67,70,46,50,70,58,61,63,80,68,67,49,57,59,42
1101,83,78,63,96,101,66,45,48,56,73,63,88,50,49,101,59,103,63,67
1102,60,67,105,63,52,43,52,69,97,42,43,46,80,112,51,45,109,91,53
1103,51,50,52,78,47,93,52,57,88,89,111,59,70,85,51,111,40,56,56
1104,61,99,77,88,111,72,78,91,63,57,84,91,74,48,93,40,45,71,67
1105,47,48,89,81,75,49,77,47,40,42,46,44,91,61,55,94,48,57,62
1106,52,91,41,113,60,68,40,72,60,75,55,52,98,104,117,76,74,75,65
1107,72,62,112,70,46,102,69,69,90,87,71,89,62,53,40,40,106,43,59
1108,41,42,75,42,50,60,57,59,101,46,104,61,80,50,64,101,89,87,56
1109,71,52,87,41,84,68,64,81,82,78,66,65,119,68,46,41,72,115,99
1110,48,90,68,109,89,59,61,54,77,110,46,83,87,72,57,70,99,51,44
1111,71,98,57,65,49,49,110,69,61,72,54,46,69,73,43,92,83,104,69
1112,85,42,73,45,60,66,45,60,52,57,74,76,69,78,83,94,88,50,105
1113,98,58,109,60,95,118,50,43,85,40,87,85,69,94,66,68,62,111,86
1114,41,113,96,49,45,62,107,78,53,92,112,75,79,82,77,65,111,45,62
1115,105,91,47,43,80,76,90,41,76,48,90,59,61,91,73,59,59,69,88
1116,81,45,109,51,55,68,97,59,45,66,106,47,47,104,76,43,63,83,110
1117,59,77,88,68,67,52,91,62,106,96,45,78,97,41,58,66,40,52,42
1118,65,65,71,69,70,59,65,44,96,61,44,60,55,58,50,78,51,48,93
1119,68,81,64,64,65,48,40,63,72,57,52,56,87,85,93,71,52,96,80
1120,76,46,60,64,94,91,43,73,104,116,51,70,50,63,43,58,79,84,42
1121,63,101,57,74,96,75,50,42,55,55,104,50,49,46,72,63,67,54,68
1122,90,70,96,50,78,77,66,93,58,65,70,85,55,88,88,42,44,62,40
1123,71,48,92,57,71,91,109,59,40,86,83,47,100,94,63,53,40,55,48
1124,49,71,49,92,52,48,76,58,80,46,52,103,71,43,105,82,75,44,56
1125,103,85,58,78,75,103,67,42,47,116,92,82,66,76,51,92,90,48,99
1126,49,78,88,76,50,70,69,77,115,52,108,43,84,104,45,57,45,90,97
1127,90,73,53,47,56,51,80,56,70,81,62,60,74,44,44,56,106,51,60
1128,69,58,50,82,63,54,103,77,50,42,87,41,71,70,86,41,43,40,91
1129,106,52,50,85,51,113,96,56,72,81,85,55,62,55,97,40,50,50,72
1130,52,61,50,62,107,58,40,61,93,42,68,113,95,48,52,105,41,117,48
1131,40,44,49,43,51,115,110,53,119,62,119,57,85,50,94,53,85,40,49
1132,62,64,58,120,69,82,66,58,88,118,49,48,52,62,40,56,40,82,78
1133,55,45,62,91,94,81,85,92,43,71,75,53,76,57,83,56,79,51,44
1134,63,87,52,66,99,97,50,120,44,99,119,43,97,72,76,55,71,68,110
1135,71,67,88,49,69,61,56,72,47,57,45,74,102,47,40,114,47,40,82
1136,120,55,41,42,56,63,92,83,61,62,77,42,101,44,59,41,67,107,114
1137,47,54,80,40,93,53,105,112,54,42,42,64,70,58,62,63,88,79,42
1138,46,42,45,83,48,42,51,109,66,46,77,81,46,75,110,60,63,97,73
1139,42,52,118,56,42,65,101,91,68,58,116,44,62,53,65,50,47,72,73
1140,119,72,112,99,57,44,72,82,49,86,92,51,70,94,68,50,42,89,52
1141,72,46,40,51,40,85,54,40,109,63,109,86,84,99,82,49,54,51,52
1142,42,81,84,63,112,72,55,80,78,69,70,71,103,120,91,61,56,60,79
1143,42,43,53,85,53,47,49,101,55,58,64,41,72,56,73,69,73,104,51
1144,62,40,78,89,98,58,49,77,49,70,67,55,89,49,84,89,62,101,90
1145,100,60,61,40,63,44,56,66,98,93,93,64,61,52,47,67,47,74,81
1146,41,76,96,45,44,75,62,77,67,67,75,50,60,49,48,98,63,110,68
1147,67,52,48,76,99,89,107,60,98,53,42,47,43,45,76,58,84,53,90
1148,45,61,84,102,62,79,52,67,62,44,95,51,41,75,43,40,42,115,47
1149,65,41,40,99,67,59,46,85,67,43,69,91,115,77,62,44,51,51,44
1150,49,49,59,43,49,70,66,65,66,47,45,116,56,96,54,61,56,73,41
1151,44,61,67,85,50,45,71,114,69,75,42,46,52,57,76,55,62,76,105
1152,64,84,63,56,40,95,105,65,57,104,78,49,45,80,55,55,81,73,58
1153,42,86,105,93,95,75,62,48,69,104,72,60,59,46,70,103,52,66,53
1154,95,57,54,67,59,40,47,100,60,69,40,80,45,62,91,49,90,43,42
1155,89,44,58,53,70,60,102,61,117,74,55,92,103,83,46,77,60,91,47
1156,63,64,97,42,71,84,49,91,62,58,45,82,47,71,90,74,70,48,71
1157,85,44,49,73,106,73,51,59,54,90,84,93,73,120,63,88,92,73,41
1158,78,63,50,91,110,73,67,85,92,53,97,70,95,54,79,91,109,66,106
1159,47,51,51,91,62,64,76,40,87,101,79,91,69,84,52,77,55,72,61
1160,48,101,69,112,49,106,53,44,51,41,70,73,56,60,55,81,63,73,56
1161,90,100,50,62,50,100,104,60,55,88,54,96,69,68,41,55,91,72,54
1162,71,114,56,86,91,66,81,49,62,74,60,70,42,42,77,62,112,59,91
1163,58,52,53,65,90,76,68,71,66,41,100,40,82,99,92,45,54,79,49
1164,58,64,110,42,53,99,94,76,99,44,53,95,49,61,66,82,41,41,63
1165,49,83,56,47,47,105,50,76,51,98,82,42,110,65,78,42,58,73,82
1166,78,92,66,53,52,47,52,63,43,53,49,47,62,99,45,93,68,40,73
1167,79,80,114,107,40,67,47,60,57,54,57,44,60,51,87,49,81,45,64
1168,60,43,49,63,106,80,41,47,106,51,69,57,72,42,58,72,72,49,83
1169,71,48,65,69,62,48,52,69,54,65,68,112,46,73,102,106,52,114,102
1170,41,43,65,66,63,85,119,71,63,50,63,92,77,64,46,88,40,88,81
1171,60,56,100,61,80,44,100,78,73,80,93,72,61,44,41,58,63,61,44
1172,40,99,83,99,56,61,45,92,40,59,41,44,78,85,70,89,66,45,74
1173,100,52,57,61,41,71,99,45,61,76,74,44,56,79,68,55,77,59,94
1174,60,47,106,69,93,89,86,62,59,51,106,117,95,53,81,89,51,79,49
1175,52,73,51,54,90,111,52,67,81,59,83,59,53,44,67,44,74,111,56
1176,82,78,69,57,53,48,82,47,80,119,104,92,82,64,80,41,69,95,120
1177,50,102,55,44,88,113,43,71,54,54,46,120,109,41,53,76,51,103,57
1178,76,105,119,101,46,87,78,41,55,73,52,97,52,70,99,72,60,81,80
1179,89,79,48,62,72,105,58,113,73,73,54,48,112,58,73,66,89,65,88
1180,78,42,117,69,61,47,69,40,63,88,62,66,81,67,89,98,85,51,41
1181,68,61,46,42,65,66,55,42,51,87,52,108,40,71,58,58,56,74,107
1182,45,44,113,120,108,84,80,119,56,47,60,57,100,49,66,40,72,52,68
1183,56,43,55,79,72,50,49,56,78,45,80,94,58,40,47,78,76,118,41
1184,41,78,76,96,86,78,91,56,60,40,67,88,58,80,45,64,57,54,42
1185,46,59,109,49,44,79,48,51,43,96,59,63,72,42,71,56,64,55,67
1186,97,41,95,54,81,92,82,50,71,75,76,49,57,65,51,49,50,57,61
1187,90,95,118,82,60,105,42,69,42,59,59,53,48,58,54,85,88,43,62
1188,95,89,58,98,48,48,113,76,82,52,40,62,40,87,42,41,65,64,120
1189,80,95,61,75,75,49,78,41,79,113,63,98,59,58,40,68,92,78,113
1190,61,53,55,91,43,40,85,52,46,70,95,57,81,42,43,101,101,46,94
1191,66,51,81,52,75,65,61,51,57,77,72,80,41,60,78,56,76,74,59
1192,71,89,85,113,84,73,45,80,69,117,49,53,93,47,64,96,92,72,54
1193,87,77,72,46,45,48,73,110,47,53,40,117,89,62,68,43,94,79,63
1194,50,51,115,70,78,107,46,58,84,77,72,49,94,47,44,81,73,63,74
1195,110,42,64,61,69,43,63,42,85,69,115,52,89,48,43,67,67,51,93
1196,77,43,94,86,44,69,50,103,63,49,44,44,40,76,46,43,50,41,68
1197,88,41,43,41,82,48,64,82,78,68,60,45,111,41,70,47,93,60,42
1198,75,70,52,53,73,54,70,62,110,68,41,117,41,88,81,65,54,56,41
1199,42,50,116,53,51,79,82,62,80,71,71,100,56,95,117,44,100,85,59
1200,62,56,63,48,44,53,74,74,54,78,92,77,61,59,87,56,63,118,77
1201,53,61,79,72,75,115,57,73,87,81,81,47,102,86,78,87,87,79,81
1202,112,66,108,69,82,69,93,65,55,66,42,88,45,61,95,60,90,80,108
1203,88,42,115,74,80,102,112,84,55,45,64,106,82,55,50,60,41,43,118
1204,71,84,50,45,69,55,53,57,79,59,40,79,109,42,42,55,63,81,51
1205,51,70,72,44,47,42,79,66,88,51,82,92,90,49,54,120,97,66,57
1206,40,104,94,76,58,60,90,72,40,100,120,49,96,42,56,72,78,93,48
1207,51,98,59,42,49,59,63,48,46,74,64,69,110,58,59,100,96,58,46
1208,95,48,90,50,67,43,41,45,91,49,72,86,50,61,40,89,61,73,113
1209,55,48,73,95,67,65,69,102,80,94,68,101,111,103,84,72,94,114,52
1210,84,48,117,76,63,51,40,62,96,86,87,120,53,54,99,51,73,40,52
1211,79,70,88,87,43,57,47,75,79,41,101,113,66,47,49,45,87,98,44
1212,78,65,67,49,58,68,55,66,47,43,46,67,44,83,111,70,112,44,70
1213,42,60,70,82,49,55,85,73,81,72,41,87,65,44,89,77,90,55,114
1214,42,70,80,52,47,111,82,42,85,43,61,53,61,48,69,99,40,107,62
1215,69,82,98,88,118,59,41,60,85,60,87,105,71,92,71,48,68,106,97
1216,50,64,88,78,90,51,85,41,103,83,69,85,59,47,46,59,53,85,82
1217,88,57,73,112,77,61,54,47,80,58,54,76,60,58,95,48,77,46,50
1218,94,63,79,67,55,116,50,65,91,84,53,83,101,58,42,112,60,85,106
1219,74,80,87,84,103,55,55,54,120,104,108,51,75,53,50,65,43,101,55
1220,79,59,115,46,76,65,73,41,47,105,93,68,77,45,85,45,89,82,81
1221,64,58,84,54,74,79,49,67,99,47,62,66,67,58,98,77,75,67,73
1222,40,112,56,95,46,104,67,60,51,82,97,47,54,48,44,96,78,52,72
1223,65,83,89,46,44,96,41,51,43,69,45,53,53,58,89,76,65,46,73
1224,40,63,40,75,54,79,54,56,51,58,90,83,73,42,59,50,47,108,40
1225,104,68,66,89,49,91,50,59,56,82,80,58,61,44,50,43,84,46,83
1226,72,85,54,58,40,58,107,48,78,62,59,105,114,43,58,98,45,104,64
1227,45,71,50,42,44,119,88,65,87,62,56,81,85,42,89,72,47,61,75
1228,57,41,62,42,75,85,48,61,83,65,52,50,54,48,91,46,103,74,80
1229,53,41,42,106,82,47,84,60,78,42,58,41,70,92,80,111,80,66,81
1230,57,58,50,81,47,60,48,64,53,63,51,72,77,85,111,80,43,48,51
1231,103,58,52,57,72,47,62,54,78,63,75,42,93,75,44,69,79,52,59
1232,61,61,51,88,66,65,45,50,62,40,100,68,62,81,62,49,42,77,91
1233,84,82,49,57,50,84,66,73,99,89,56,44,64,42,73,79,84,68,92
1234,42,90,57,51,82,49,88,54,61,54,49,78,66,68,88,83,51,74,65
1235,88,79,115,46,49,113,103,70,59,76,108,71,81,74,93,51,56,84,71
1236,63,96,55,63,42,78,85,81,62,85,90,45,54,57,63,49,58,44,71
1237,77,43,67,52,54,92,53,109,82,75,49,92,61,77,109,41,49,42,100
1238,59,49,78,74,47,109,83,76,65,74,51,112,49,65,86,63,58,85,83
1239,76,43,75,77,52,43,55,85,75,47,98,49,48,47,52,53,116,53,65
1240,120,80,46,65,46,88,75,56,83,62,62,55,118,54,92,48,54,120,95
1241,72,90,56,95,54,89,98,51,83,63,79,99,97,40,52,43,79,95,67
1242,67,56,61,111,61,58,92,94,44,43,53,48,46,41,81,49,76,90,46
1243,84,64,111,51,75,76,68,82,78,69,56,47,83,54,66,67,88,61,82
1244,94,75,82,58,78,46,64,47,99,97,57,62,93,77,46,118,60,44,66
1245,86,77,112,62,49,51,49,51,58,79,57,49,46,43,81,45,73,85,93
1246,45,62,54,78,84,41,57,55,90,95,45,41,65,48,53,59,114,107,115
1247,89,77,69,70,79,115,43,48,64,51,40,106,48,78,66,40,105,116,53
1248,90,43,42,94,51,81,45,54,98,76,81,97,82,62,80,55,54,96,58
1249,97,66,84,108,69,61,70,49,47,85,45,44,48,75,66,58,107,57,47
1250,75,77,48,105,73,52,54,41,103,92,51,62,42,50,56,84,96,51,57
1251,119,111,67,84,119,71,75,48,52,45,44,82,63,41,40,45,86,60,116
1252,103,72,67,72,47,46,42,52,96,43,40,107,86,112,50,40,51,43,73
1253,112,55,58,67,44,71,119,49,43,83,72,79,41,58,59,54,73,81,65
1254,50,73,44,47,50,50,62,46,45,54,67,84,54,53,77,89,93,58,44
1255,91,41,110,59,56,47,94,54,102,65,110,70,70,44,43,72,116,45,88
1256,49,118,43,50,77,81,97,41,52,91,40,49,72,54,115,61,52,55,96
1257,62,52,52,72,64,52,62,77,81,54,71,69,96,46,114,88,59,92,94
1258,102,119,55,47,81,103,50,57,75,74,79,103,105,100,58,62,90,43,113
1259,45,74,67,72,68,81,91,42,67,73,95,40,99,49,86,57,57,106,62
1260,68,66,117,61,91,65,82,61,44,70,60,81,90,65,83,41,57,63,53
1261,61,51,52,89,69,40,41,71,82,41,58,75,75,51,68,100,67,54,80
1262,106,62,100,53,66,100,52,59,53,41,52,54,111,94,106,63,45,96,84
1263,91,60,41,41,52,100,98,50,49,74,79,47,81,71,46,43,87,71,49
1264,50,73,81,79,67,48,43,97,42,55,40,49,47,65,89,85,85,42,109
1265,68,58,52,111,57,81,77,91,53,48,63,77,95,98,66,47,81,42,99
1266,91,103,56,54,100,79,118,84,57,52,59,51,79,73,55,56,43,91,79
1267,46,75,70,45,81,79,55,40,41,57,70,56,76,60,70,109,45,61,59
1268,80,49,50,60,81,65,44,103,61,81,74,90,63,53,47,72,61,43,100
1269,46,69,48,61,45,45,77,64,83,54,95,49,40,53,87,102,58,74,115
1270,58,55,54,56,59,96,95,55,53,53,58,82,41,45,79,85,71,56,47
1271,61,66,49,99,43,71,71,60,40,61,43,40,60,99,67,60,114,82,67
1272,77,48,57,57,44,98,78,88,45,52,71,63,43,42,105,92,40,66,48
1273,42,53,45,76,74,74,98,54,51,87,104,109,65,105,90,55,44,51,85
1274,84,50,70,98,41,74,93,50,78,58,43,79,96,96,76,46,55,57,58
1275,52,63,115,56,63,68,45,54,96,77,45,40,50,84,46,41,63,55,70
1276,61,60,108,75,61,81,59,59,102,93,44,116,55,44,41,58,46,96,50
1277,73,45,40,110,89,59,81,43,97,80,55,56,105,100,67,82,83,75,49
1278,111,56,79,79,49,52,106,42,96,45,120,51,45,110,118,61,40,96,110
1279,51,106,74,55,49,40,57,41,58,40,109,66,52,81,49,67,61,72,54
1280,104,48,85,101,89,82,60,51,59,49,87,55,62,64,104,40,56,54,78
1281,43,79,42,112,53,61,78,71,44,88,53,62,43,47,62,48,69,41,69
1282,89,58,51,100,48,58,92,81,50,58,65,108,52,58,93,96,76,97,53
1283,51,94,40,64,65,80,56,40,93,61,112,62,47,78,53,71,56,46,49
1284,95,40,119,107,41,42,113,65,91,49,62,99,65,59,52,108,68,59,91
1285,42,53,46,93,97,86,50,83,75,46,92,85,106,52,104,80,60,63,88
1286,112,71,102,81,58,69,75,102,50,60,60,71,61,41,108,110,54,48,55
1287,114,87,66,86,112,115,58,63,87,108,43,60,44,89,76,59,44,58,64
1288,81,41,69,77,52,43,67,65,81,46,94,109,91,56,76,71,41,78,86
1289,87,49,99,44,68,87,87,69,81,104,82,72,83,68,58,53,74,49,66
1290,88,100,76,61,76,53,72,78,41,60,93,48,65,71,79,90,68,82,45
1291,114,89,60,82,48,60,53,43,77,87,97,85,64,46,61,59,87,120,81
1292,50,102,51,86,71,51,55,102,114,52,58,59,47,76,47,57,76,92,45
1293,57,97,42,68,65,108,51,45,47,70,53,43,71,57,56,65,40,84,111
1294,76,69,46,67,48,104,43,108,61,59,65,46,51,76,63,74,82,91,77
1295,79,66,119,111,111,65,94,71,60,60,45,51,44,78,65,62,82,94,71
1296,66,52,47,63,102,73,57,57,119,50,95,60,59,43,55,88,66,84,84
1297,48,56,76,53,46,54,80,50,78,110,114,44,88,42,53,84,78,92,58
1298,59,58,48,58,54,65,108,88,84,90,64,59,43,89,78,106,57,62,56
1299,62,46,114,83,54,46,75,42,63,42,85,41,44,91,55,47,55,56,58
1300,102,108,100,40,55,62,66,90,42,72,62,44,40,52,62,109,51,47,76
1301,75,48,116,114,68,54,117,59,104,72,85,103,94,46,62,84,79,80,68
1302,64,89,54,40,44,101,106,98,84,60,86,71,64,66,55,51,42,94,75
1303,45,83,65,43,92,60,58,75,62,47,110,48,56,43,44,62,54,113,45
1304,67,116,100,63,77,57,68,87,70,107,89,92,46,101,44,48,57,77,60
1305,61,66,46,45,41,74,79,97,45,67,73,59,62,46,73,65,72,63,42
1306,66,47,61,45,62,68,51,47,86,104,80,112,52,71,66,106,75,106,53
1307,78,56,57,73,41,45,86,60,55,102,40,46,69,44,48,46,104,57,52
1308,58,48,52,100,51,58,107,57,106,66,79,86,70,40,57,77,105,76,42
1309,45,68,48,40,71,51,40,68,82,58,46,87,57,45,64,41,98,109,43
1310,40,43,41,116,74,77,57,95,40,56,43,62,78,54,44,65,56,46,41
1311,43,70,51,49,59,59,40,99,64,54,64,61,45,117,80,44,41,47,46
1312,76,96,40,54,99,99,80,78,47,120,40,75,54,51,44,95,59,57,47
1313,64,71,82,83,64,97,40,47,58,82,61,45,62,94,45,89,65,100,66
1314,57,78,92,43,92,49,77,82,60,43,106,62,44,105,44,94,97,74,85
1315,89,59,58,78,85,77,85,53,64,40,77,57,99,44,48,48,70,55,66
1316,62,47,110,50,78,66,47,71,68,50,49,65,59,43,70,64,55,75,41
1317,46,93,42,94,105,107,40,44,41,112,115,57,48,113,40,84,109,66,64
1318,109,41,93,60,63,46,51,75,89,55,53,82,41,59,49,61,93,41,49
1319,40,44,48,93,111,51,71,41,71,45,44,81,42,84,75,47,60,100,56
1320,94,68,61,57,51,53,101,71,49,74,90,68,84,53,100,55,118,46,72
1321,59,40,53,49,70,89,58,53,89,47,82,60,47,109,88,91,69,50,66
1322,57,100,59,56,49,66,74,84,108,43,99,102,42,59,73,64,41,83,44
1323,103,49,67,72,47,62,71,75,85,48,76,40,62,84,96,59,88,61,46
1324,54,45,48,45,45,77,40,48,64,94,51,43,101,47,48,75,41,47,77
1325,89,70,67,54,43,57,64,112,41,73,48,88,81,76,44,42,51,50,49
1326,59,64,58,74,72,49,88,84,81,70,49,70,40,59,49,102,67,79,42
1327,53,58,70,107,64,58,101,109,82,44,48,49,42,90,103,87,53,46,51
1328,66,56,55,66,40,55,43,83,120,83,80,63,104,78,112,118,46,65,48
1329,97,100,75,43,74,50,75,47,91,45,65,78,41,71,83,72,50,101,67
1330,79,75,95,81,48,101,59,74,49,44,94,61,74,46,40,118,68,86,64
1331,51,81,78,69,83,62,113,54,100,40,45,45,105,63,104,67,46,53,84
1332,83,64,78,56,53,63,81,70,48,59,87,74,46,119,87,61,73,69,55
1333,57,65,43,73,75,75,49,88,72,58,79,54,44,44,75,71,46,99,54
1334,70,42,51,53,84,50,47,45,82,97,78,102,95,42,80,67,76,109,64
1335,68,57,62,68,107,65,44,95,120,73,48,85,42,54,64,47,51,83,71
1336,56,45,60,72,72,87,52,57,60,71,52,103,55,42,47,85,40,74,59
1337,69,68,57,43,66,54,55,44,52,100,103,62,63,72,58,42,66,89,67
1338,44,116,70,119,45,87,61,45,58,89,56,92,66,45,73,91,66,105,65
1339,48,91,92,54,42,74,58,64,47,94,63,69,87,61,82,102,72,103,50
1340,85,51,99,116,111,63,52,64,75,84,60,85,48,56,53,51,43,100,89
1341,84,89,75,73,76,61,45,82,54,47,45,111,45,66,102,50,76,70,69
1342,66,57,50,52,53,48,49,55,51,90,66,42,79,44,76,78,83,101,74
1343,56,72,98,43,88,92,49,108,60,60,57,115,104,44,86,78,73,94,59
1344,41,51,54,45,77,92,57,109,46,56,80,53,90,87,41,92,72,41,71
1345,85,42,82,84,87,94,91,57,107,46,89,58,72,45,117,41,89,109,45
1346,82,60,116,61,98,70,70,87,76,79,83,51,46,52,53,63,52,74,41
1347,44,78,76,81,41,94,53,99,84,87,101,72,90,67,63,103,85,99,58
1348,116,79,53,58,95,62,85,63,116,52,119,79,51,54,59,59,54,86,82
1349,57,80,84,57,42,92,64,72,47,47,89,107,90,60,106,114,89,46,65
1350,43,71,42,80,80,97,71,68,75,67,63,40,67,50,107,65,58,58,82
1351,99,77,50,56,42,54,55,49,62,58,40,51,68,90,69,85,50,101,68
1352,66,68,83,101,43,76,64,72,65,42,111,103,52,94,61,82,63,44,64
1353,78,53,42,54,42,57,58,79,48,101,57,41,46,109,46,54,81,41,73
1354,69,61,46,61,74,47,46,47,111,51,112,60,96,96,59,72,58,103,104
1355,94,66,66,91,56,84,61,88,100,61,48,74,56,66,114,102,42,58,42
1356,81,53,101,53,50,53,103,62,40,48,41,51,120,40,79,106,54,91,53
1357,90,116,50,68,94,82,71,88,51,41,44,69,63,69,107,84,44,68,58
1358,45,112,40,42,48,68,49,52,112,113,110,75,113,88,68,73,47,73,99
1359,83,43,74,81,52,108,55,43,48,103,59,77,60,92,63,41,90,105,60
1360,50,58,62,44,58,51,54,52,111,52,57,53,48,59,48,58,75,42,44
1361,43,78,102,63,91,70,117,63,43,85,41,68,84,76,107,51,46,76,77
1362,114,84,43,61,77,86,69,48,49,54,74,74,88,54,106,81,91,63,59
1363,67,117,46,78,65,47,70,53,41,120,50,43,47,96,41,59,47,57,48
1364,41,91,44,78,109,115,41,59,96,53,42,93,44,57,62,84,50,61,50
1365,71,57,97,77,42,69,70,47,60,54,59,59,75,99,42,40,95,62,88
1366,66,71,83,102,58,58,50,52,80,72,62,53,67,96,43,47,56,101,94
1367,108,94,95,83,85,69,62,49,103,54,43,48,105,65,59,61,50,63,67
1368,53,57,65,119,58,78,47,60,63,75,68,64,44,41,62,74,48,60,119
1369,58,107,66,79,40,108,45,54,86,101,89,80,58,67,89,112,92,57,50
1370,57,49,58,53,43,97,79,48,49,76,40,46,54,54,63,41,46,76,44
1371,51,71,53,103,42,56,94,60,53,73,74,105,100,53,62,90,40,67,60
1372,120,98,68,71,99,73,76,74,71,48,55,71,48,53,47,64,43,47,60
1373,66,83,52,61,62,58,120,49,58,54,111,46,112,41,64,66,56,52,58
1374,98,42,108,71,74,86,77,90,81,78,88,64,55,55,111,60,42,95,59
1375,84,59,60,76,74,54,114,80,75,80,60,41,49,59,84,75,101,42,91
1376,85,94,69,108,116,51,41,47,71,65,65,46,91,52,41,64,43,65,48
1377,54,41,70,112,66,94,78,49,45,50,95,76,65,64,51,42,47,65,114
1378,53,87,49,82,92,59,62,51,118,102,51,92,51,76,84,111,65,48,54
1379,56,76,57,106,56,80,85,54,98,102,82,45,67,69,90,68,77,49,70
1380,65,77,82,51,77,64,73,51,65,112,98,112,62,54,50,58,86,66,40
1381,42,70,44,45,41,79,51,104,98,61,55,56,58,55,48,60,80,88,92
1382,88,57,44,60,74,73,67,73,75,91,82,113,64,69,65,119,120,52,47
1383,99,71,95,73,48,96,74,108,50,83,41,86,86,61,82,43,71,93,84
1384,90,104,40,57,105,91,65,46,64,52,53,71,72,87,64,68,77,60,55
1385,75,74,76,100,49,58,94,44,69,82,68,42,87,79,78,63,90,102,116
1386,79,46,46,86,74,84,64,62,60,90,88,74,50,60,77,79,86,108,99
1387,41,118,61,65,101,94,71,89,45,79,105,66,83,44,40,48,109,73,62
1388,52,50,71,68,45,54,63,47,73,55,83,56,73,75,60,84,84,61,55
1389,120,95,53,60,120,44,72,43,94,67,44,87,48,52,77,52,47,56,83
1390,82,41,59,44,110,63,81,62,87,46,77,40,88,50,53,81,119,82,116
1391,70,72,52,54,91,47,68,40,115,54,64,100,50,106,101,58,41,109,46
1392,50,74,76,44,90,105,51,79,45,57,113,53,82,54,48,47,57,41,88
1393,40,70,85,48,55,48,40,94,42,79,56,70,57,73,50,61,41,113,108
1394,58,116,115,42,69,48,99,83,51,47,102,50,94,97,41,107,56,89,49
1395,95,107,46,53,59,78,53,70,50,40,45,40,44,45,52,54,48,87,92
1396,84,91,73,115,72,107,61,95,118,66,50,51,81,101,78,78,43,47,56
1397,48,43,50,100,97,110,63,54,76,54,118,42,69,63,60,48,51,70,95
1398,52,69,78,55,59,50,62,53,85,63,62,61,64,101,48,50,51,73,110
1399,77,47,95,105,54,52,115,106,41,111,120,72,49,103,42,77,61,86,89
1400,48,67,43,80,94,83,43,61,93,57,95,81,94,58,82,74,98,42,54
